MW,AMW,nBM,RBN,nF,N%,O%,D/Dtr05,D/Dtr10,MAXDP,Psi_i_A,Yindex,CIC4,CIC5,VR1_D/Dt,SpDiam_B(m),ATSC2m,ATSC1p,GATS6m,GATS7s,P_VSA_LogP_1,P_VSA_LogP_2,P_VSA_LogP_8,P_VSA_MR_3,P_VSA_MR_5,P_VSA_MR_7,P_VSA_s_1,P_VSA_s_3,P_VSA_ppp_D,SpDiam_EA(dm),SM14_AEA(dm),SM15_AEA(dm),SM02_AEA(ri),SM04_AEA(ri),SM06_AEA(ri),SM10_AEA(ri),nCp,nCs,H-046,H-047,H-051,H-052,SssO,CATS2D_02_DL,CATS2D_02_AA,CATS2D_02_AL,CATS2D_03_AL,CATS2D_05_AL,CATS2D_04_LL,T(N..Cl),T(O..F),T(O..Cl),T(F..Cl),F03[C-O],F03[C-Cl],MLOGP2
60.11,5.009,0,1,0,0,8.3,0,0,1.875,2.75,3.132,1.327,2.786,NA,3.435,3.978,0.991,0,0,8.825,2.535,0,42.683,11.36,0,0,2.535,42.683,0,0,0,0,0,0,0,2,1,3,2,0,2,0,1,0,1,1,0,0,0,0,0,0,1,0,0.12
184.5,15.375,0,1,5,0,8.3,0,0,3.588,5.153,2.995,0.931,1.959,NA,4.971,5.044,1.275,0,0,0,0,14.055,11,14.055,0,0,0,0,4.504,-2,-2,-3,-6.772,0,0,1,0,0,0,0,0,2.525,0,0,0,1,0,0,0,11,3,18,0,0,3.12
74.14,4.943,0,1,0,0,6.7,0,0,2.361,2.567,3.916,1.288,2.718,NA,3.95,5.333,1.353,0,0,17.65,2.535,0,42.683,20.185,0,0,2.535,42.683,0,0,0,0,0,0,0,2,2,3,1,0,5,0,2,0,2,1,0,0,0,0,0,0,1,0,0.64
88.17,4.898,0,1,0,0,5.6,0,0,2.826,2.458,5.184,1.811,2.979,NA,4.462,6.777,1.708,0,0,26.476,2.535,0,42.683,29.01,0,0,2.535,42.683,0,-4.381,0,0,0,0,0,3,1,3,0,0,8,0,3,0,3,1,0,0,0,0,0,0,1,0,1.463
138.14,8.634,7,1,0,12.5,12.5,0,0,3.147,3.133,1.869,0.25,0.125,9.663,5.426,3.886,1.147,1.444,0,6.545,0,0,0,0,6.545,0,5.513,32.897,2.393,-0.52,-2,-2.016,-5.184,0,0,0,0,0,4,0,0,0,1,1,1,4,2,0,0,0,0,0,4,0,0.613
197.44,15.188,6,0,0,0,7.7,0,0,2.95,2.9,1.909,0,0,9.646,5.773,4.696,0.629,3.754,0,0,0,117.446,0,0,117.446,0,10.502,42.683,0,-1.167,-1.372,-3.167,-4.66,0,0,0,0,0,2,0,0,0,1,0,1,2,1,1,0,0,12,0,2,6,10.982
161.03,10.735,6,0,0,0,0,0,0,1.514,2.34,1.63,0.667,0.667,8.532,5.458,5.593,1.045,3.074,0,0,2.85,39.149,0,2.85,78.297,0,9.536,0,2.06,-0.533,-2.787,-3,-5.275,0,0,1,0,0,6,0,0,0,0,0,0,0,0,3,0,0,0,0,0,4,12.439
130.21,5.661,1,4,0,0,8.7,0,0,3.203,2.5,1.821,1.142,1.339,NA,4.471,9.505,2.213,0.962,3.112,26.476,7.127,0,0,33.603,0,0,14.318,0,4.174,-2,-2,-3.359,0,0,0,3,1,7,2,3,2,4.714,0,1,3,1,1,1,0,0,0,0,2,0,2.981
100.18,5.273,1,2,0,0,5.3,0,0,3.254,2.5,2.672,1.501,2.29,NA,4.534,7.021,1.939,0,0,26.476,2.535,0,0,29.01,0,0,7.668,0,3.677,-2,-4.772,0,0,0,0,3,1,7,0,5,0,0,0,0,2,1,0,2,0,0,0,0,1,0,2.08
162.25,6.24,7,2,0,0,3.8,0,0,3.367,2.299,1.466,1.588,1.588,11.516,5.394,9.91,2.764,0.567,2.036,26.476,0,0,0,26.476,11.424,0,6.371,0,0,0.747,-1.049,-3,-3,-5.275,0,3,0,9,4,0,0,0,0,0,1,2,1,7,0,0,0,0,2,0,9.086
148.27,5.491,6,1,0,0,0,0,0,0.234,1.871,1.648,1.705,1.705,10.539,5.366,10.435,2.963,0.725,2.342,35.301,0,0,0,35.301,0,0,6.371,0,0,-0.47,-3,-3,-3.065,-6.87,0,4,0,12,4,0,0,0,0,0,0,0,0,8,0,0,0,0,0,0,14.851
44.06,6.294,1,0,0,0,14.3,0,0,1.806,3.667,0,0,0,NA,3.763,2.158,0.559,0,0,8.825,0,0,0,8.825,11.424,0,0,0,2.555,0,0,0,0,0,0,1,0,0,0,3,0,0,0,0,1,0,0,0,0,0,0,0,0,0,0.101
135.18,7.115,7,1,0,5.3,5.3,0,0,2.756,2.433,1.435,0.671,0.671,9.618,5.226,6.267,1.725,1.075,0.769,8.825,0,0,0,25.611,0,0,2.757,42.683,2.786,-0.366,-2,-2.294,-4.789,0,0,1,0,0,5,3,0,0,1,1,4,2,2,2,0,0,0,0,1,0,4.135
60.06,7.507,1,0,0,0,25,0,0,2,4.167,0,2.094,0,NA,4.359,2.72,0.537,0,0,8.825,0,0,0,8.825,0,0,0.91,42.683,3.925,0,0,0,0,0,0,1,0,0,0,3,0,0,1,1,2,0,0,0,0,0,0,0,0,0,0.149
102.1,7.854,2,2,0,0,23.1,0,0,2.811,3.548,2.672,1.939,2.355,NA,4.709,5.11,1.072,0,0,17.65,0,0,0,17.65,0,0,14.383,0,4.612,-2,-4.772,0,0,0,0,2,0,0,0,6,0,3.972,0,2,4,0,0,1,0,0,0,0,2,0,0.207
102.1,7.854,2,2,0,0,23.1,0,0,2.873,3.833,2.672,0.804,1.789,NA,4.711,4.515,1.129,0,0,8.825,2.535,0,0,11.36,0,0,8.578,42.683,4.242,-2,-4.772,0,0,0,0,1,1,0,0,5,0,0,1,1,4,0,0,0,0,0,0,0,3,0,0.127
58.09,5.809,1,0,0,0,10,0,0,2.444,3.167,0,2.88,0,NA,4.358,3.339,0.908,0,0,17.65,0,0,0,17.65,0,0,5.133,0,3.677,0,0,0,0,0,0,2,0,0,0,6,0,0,0,0,2,0,0,0,0,0,0,0,0,0,0.041
78.5,11.214,1,0,0,0,14.3,0,0,2.21,3.694,0,0,0,NA,4.738,3.299,0.626,0,0,8.825,0,0,0,8.825,0,0,5.449,0,4.825,0,0,0,0,0,0,1,0,0,0,3,0,0,0,0,2,0,0,0,0,0,2,0,0,0,0.041
26.04,6.51,1,0,0,0,0,0,0,0,4,0,0,0,0.816,3.664,0.419,0.288,0,0,0,0,0,0,0,0,0,0,0,0,0,0,0,0,0,0,0,0,0,0,0,0,0,0,0,0,0,0,0,0,0,0,0,0,0,0.489
56.07,7.009,2,1,0,0,12.5,0,0,2.056,3.5,3.132,1.75,0,NA,4.208,2.149,0.714,0,0,0,15.767,0,0,0,20.9,0,0,0,0,0,0,0,0,0,0,0,0,0,3,0,0,0,0,0,1,1,0,0,0,0,0,0,1,0,0.009
72.07,8.008,2,1,0,0,22.2,0,0,2.25,3.933,3.916,0.927,2.336,NA,4.613,2.308,0.731,0,0,0,15.767,0,0,0,9.476,0,0.91,42.683,2.873,0,0,0,0,0,0,0,0,0,3,0,0,0,1,1,2,2,0,0,0,0,0,0,2,0,0.001
146.16,7.308,2,5,0,0,20,0,0,2.897,3.533,1.625,1.4,1.4,NA,4.525,7.589,1.812,1.335,0.03,0,10.138,0,0,10.138,0,0,11.958,85.367,3.925,-1.592,-2,-2,-4.324,0,0,0,4,4,0,4,0,0,2,2,4,4,4,0,0,0,0,0,4,0,0.189
76.53,8.503,1,0,0,0,0,0,0,0.957,2.653,3.132,1.853,0,NA,4.437,5.412,0.857,0,0,0,18.616,0,0,2.85,48.625,0,2.85,0,2.06,0,0,0,0,0,0,1,0,0,5,0,0,0,0,0,0,0,0,0,0,0,0,0,0,1,2.795
144.18,7.588,11,0,0,0,5.3,0,34.168,3.371,2.273,1.476,0.211,0,11.651,5.74,5.438,1.749,0.871,0,0,0,0,0,0,0,0,5.146,42.683,0,1.968,-0.48,-1.478,-3.453,-5.356,0,0,0,0,7,0,0,0,2,0,2,3,1,5,0,0,0,0,3,0,6.954
93.14,6.653,6,0,0,7.1,0,0,0,0.979,2.095,2.022,0.34,0.34,6.593,5.097,4.86,1.258,0,0,8.825,0,0,0,20.629,16.786,0,2.757,0,0,-2.347,-3.206,-4.789,0,0,0,1,0,0,3,3,0,0,0,0,3,1,0,1,0,0,0,0,0,0,0.716
93.14,6.653,6,0,0,7.1,0,0,0,1.358,2.238,2.022,0.714,0.714,6.593,5.095,4.476,1.19,0,0,0,0,0,0,0,0,0,2.757,32.897,0,-2.347,-3.206,-4.789,0,0,0,0,0,0,5,0,0,0,2,0,0,0,0,0,0,0,0,0,0,0,2.268
137.15,8.068,7,1,0,5.9,11.8,0,0,3.342,3,1.869,0.118,0.118,9.663,5.415,4.524,1.421,0.82,0,0,0,0,0,0,0,0,6.852,75.581,2.873,-0.52,-2,-2.016,-5.184,0,0,0,0,0,4,0,0,0,3,1,2,2,2,0,0,0,0,0,4,0,2.7
161.03,10.735,6,0,0,0,0,0,0,1.457,2.358,1.764,0.667,0.667,8.605,5.53,9.04,1.045,3.074,0,0,0,0,0,0,0,0,3.186,0,3.211,-1.582,-2,-2.347,-5.459,0,0,1,0,0,5,0,0,0,0,0,0,0,0,4,0,0,0,0,0,4,12.439
106.13,7.581,7,1,0,0,7.1,0,0,3.006,2.583,1.782,0.571,0.571,7.596,5.159,3.95,1.297,1.563,0,0,0,0,0,0,11.424,0,3.186,0,0,-1.393,-2.347,-4.096,0,0,0,0,0,0,5,0,0,0,0,0,1,2,1,0,0,0,0,0,2,0,3.129
108.15,6.759,6,1,0,0,6.3,0,0,2.538,2.396,1.782,0.625,0.625,7.596,5.099,5.552,1.615,0.796,0,0,0,0,42.683,0,0,0,3.186,42.683,1.529,-1.393,-2.347,-4.096,0,0,0,1,0,0,7,0,0,0,1,0,1,2,1,0,0,0,0,0,2,0,2.532
126.59,8.439,6,0,0,0,0,0,0,1.416,2.16,1.782,0.667,0.667,7.596,5.229,6.748,1.324,2.296,0,0,2.85,0,0,2.85,39.149,0,6.035,0,2.06,-1.393,-2.347,-4.096,0,0,0,1,0,0,7,0,0,0,0,0,0,0,0,2,0,0,0,0,0,2,8.653
228.31,6.918,12,2,0,0,6.1,0,0,3.296,2.348,0.996,1.743,1.743,17.629,5.547,11.694,3.375,0.744,2.871,17.65,0,0,0,17.65,0,0,6.371,85.367,1.36,3.672,2.275,2.275,-0.593,-3,-5.275,2,0,6,8,0,0,0,4,0,4,4,2,16,0,0,0,0,4,0,10.928
67.81,16.953,0,0,3,0,0,0,0,1.667,6.333,0,0,0,NA,3.871,0.087,1.108,0,0,0,0,0,0,0,0,0,0,0,0,0,0,0,0,0,0,0,0,0,0,0,0,0,0,0,0,0,0,0,0,0,0,0,0,0,0.298
123,11.182,0,0,0,0,0,0,0,0.498,1.937,3.132,2.187,0,NA,7.393,14.204,1.231,0,0,8.825,4.939,45.954,0,13.764,0,0,4.939,0,0,0,0,0,0,0,0,2,1,3,2,0,2,0,0,0,0,0,0,0,0,0,0,0,0,0,4.106
58.14,4.153,0,1,0,0,0,0,0,0.181,1.75,3.132,2.366,3.283,NA,3.417,3.801,1.37,0,0,17.65,5.069,0,0,22.719,0,0,5.069,0,0,0,0,0,0,0,0,2,2,10,0,0,0,0,0,0,0,0,0,0,0,0,0,0,0,0,7.447
246.34,8.798,4,7,0,0,21.4,0,0,3.474,3.345,1.463,1.768,1.768,NA,5.62,20.001,3.633,1.038,1.046,14.381,14.254,0,17.091,14.254,15.5,15.5,14.254,0,6.648,0.697,-1.206,-3,-3,-3.013,0,0,2,0,10,0,4,8.857,0,6,2,2,4,0,0,0,0,0,6,0,0.25
116.18,5.809,1,4,0,0,10,0,0,3.096,2.583,1.812,0.775,0.992,NA,4.446,8.25,1.867,1.058,1.929,17.65,9.661,0,0,27.312,0,0,16.853,0,4.174,-2,-2.489,-4.115,0,0,0,2,2,5,2,3,2,4.643,0,1,3,1,1,1,0,0,0,0,2,0,1.886
128.19,6.104,2,5,0,0,9.5,0,0,3.346,2.63,1.787,0.607,0.607,NA,4.656,8.366,2.033,1.062,1.722,8.825,25.428,0,0,18.487,9.476,0,16.853,0,3.349,-0.654,-2.417,-3.006,0,0,0,1,2,5,5,0,2,4.675,0,1,3,3,1,1,0,0,0,0,4,0,2.621
153.81,30.762,0,0,0,0,0,0,0,0.715,3.539,0,0,0,NA,4.815,0.914,0.036,0,0,0,0,0,0,0,0,0,0,0,3.32,0,0,0,0,0,0,1,0,0,0,0,0,0,0,0,0,0,0,0,0,0,0,0,0,0,4.957
94.5,11.813,1,0,0,0,25,0,0,2.236,4.056,3.916,1.75,0,NA,4.689,4.559,0.699,0,0,0,2.85,0,0,2.85,39.149,0,3.759,42.683,4.2,0,0,0,0,0,0,1,0,0,2,0,0,0,0,1,0,2,0,0,0,0,6,0,0,0,0.018
112.94,16.134,1,0,0,0,14.3,0,0,2.446,3.678,3.916,0,0,NA,4.807,7.628,0.422,0,0,0,2.85,0,0,2.85,39.149,0,8.298,0,4.936,0,0,0,0,0,0,1,0,0,2,0,0,0,0,0,1,1,0,0,0,0,5,0,0,0,0.429
86.47,17.294,0,0,2,0,0,0,0,2.099,5.361,0,0,0,NA,4.224,2.885,0.532,0,0,0,0,8.43,0,8.43,39.149,0,0,0,4.596,0,0,0,0,0,0,1,0,0,0,0,0,0,0,0,0,0,0,0,0,0,0,4,0,0,1.86
80.52,8.947,0,0,0,0,11.1,0,0,0.853,2.778,3.132,1.807,0,NA,3.996,7.965,0.816,0,0,10.883,4.907,0,11,4.907,0,0,4.907,0,2.885,0,0,0,0,0,0,0,0,0,3,0,0,4.307,0,0,1,0,0,0,0,0,2,0,0,1,0.12
157.56,11.254,7,1,0,7.1,14.3,0,0,3.143,3.144,1.869,0,0,9.663,5.577,0.941,1.02,1.376,0,6.545,0,39.149,0,0,45.693,0,6.257,0,2.393,-0.52,-2,-2.016,-5.184,0,0,0,0,0,4,0,0,0,0,1,1,5,2,1,3,0,8,0,4,2,3.78
108.53,9.866,1,1,0,0,18.2,0,0,2.567,3.685,3.971,1.061,2.634,NA,4.91,5.227,1.029,0,0,8.825,0,0,0,8.825,39.149,0,0.91,42.683,4.2,-4.745,0,0,0,0,0,1,1,0,1,0,3,0,0,1,0,4,0,0,0,0,6,0,2,0,0.344
120.21,5.724,6,1,0,0,0,0,0,0.204,1.889,1.764,1.215,1.215,8.605,5.164,7.841,2.254,0.741,0,17.65,0,0,0,17.65,0,0,3.186,0,0,-1.582,-2,-2.347,-5.459,0,0,2,0,7,5,0,0,0,0,0,0,0,0,5,0,0,0,0,0,0,10.62
85.07,9.452,2,1,0,11.1,22.2,0,0,2.377,4.111,2.636,0.927,2.465,NA,4.678,1.898,0.634,0,0,0,2.535,0,0,33.594,0,0,3.444,42.683,5.354,-3.851,0,0,0,0,0,0,1,0,0,2,0,0,1,1,3,0,0,0,0,0,0,0,2,0,0.656
61.47,20.49,1,0,0,33.3,0,0,0,1.085,4.204,0,0,0,NA,4.69,0.672,0.028,0,0,0,0,0,0,31.059,39.149,0,0,0,4.74,0,0,0,0,0,0,0,0,0,0,0,0,0,0,0,1,0,0,0,2,0,0,0,0,0,0.101
184.41,20.49,6,0,0,33.3,0,0,0,1.208,2.926,1.903,1.585,1.585,NA,5.616,6.402,0.129,0,0,0,0,0,0,7.929,50.357,0,7.929,0,0,-0.891,-1.583,-4.072,-6,0,0,0,0,0,0,0,0,0,0,3,6,0,0,3,24,0,0,0,0,6,5.614
84.18,4.677,0,0,0,0,0,0,0,0,1.5,2.056,3.252,3.252,NA,4.002,7.27,2.046,0,0,0,15.207,0,0,15.207,0,0,15.207,0,0,-2,-4,0,0,0,0,0,6,12,0,0,0,0,0,0,0,0,0,0,0,0,0,0,0,0,9.76
100.18,5.273,0,0,0,0,5.3,0,0,2.909,2.119,2.022,1.158,1.158,6.593,4.264,8.417,2.057,0,0,0,12.673,0,42.683,12.673,0,0,12.673,42.683,0,-2.347,-3.206,-4.789,0,0,0,0,6,6,1,0,4,0,2,0,2,2,0,0,0,0,0,0,2,0,1.428
98.16,5.774,1,0,0,0,5.9,0,0,3.463,2.31,2.022,1.294,1.294,6.593,4.578,7.408,1.885,0,0,0,12.673,0,0,12.673,0,0,17.806,0,3.677,-2.347,-3.206,-4.789,0,0,0,0,5,6,0,4,0,0,0,0,2,2,0,0,0,0,0,0,2,0,1.103
84.93,16.986,0,0,0,0,0,0,0,0.653,3.241,0,0,0,NA,3.673,12.313,0.261,0,0,0,3.165,0,0,3.165,0,0,3.165,0,2.4,0,0,0,0,0,0,1,0,0,0,0,0,0,0,0,0,0,0,0,0,0,0,0,0,0,1.86
105.16,5.842,0,4,0,5.6,11.1,0,0,2.149,2.929,1.73,1.333,1.565,NA,3.766,7.414,1.207,0.948,1.643,0,4.211,0,85.367,22.222,0,0,4.211,103.377,0.8,-2,-3.414,0,0,0,0,2,0,0,8,0,0,0,0,0,0,0,0,0,0,0,0,0,0,0,0.84
74.14,4.943,0,2,0,0,6.7,0,0,1.333,2.1,2.34,2.094,2.482,NA,3.605,5.42,1.254,0,0,17.65,9.185,0,11,26.835,0,0,9.185,0,1.72,0,0,0,0,0,0,2,0,0,4,0,6,4.833,0,0,2,0,0,1,0,0,0,0,0,0,0.64
106.14,6.244,0,4,0,0,17.6,0,0,2.086,3.071,1.73,1.412,1.652,NA,3.775,7.474,1.193,0.879,1.485,0,9.185,0,96.367,9.185,0,0,9.185,85.367,1.72,-2,-3.414,0,0,0,0,2,0,0,8,0,0,4.632,0,0,0,0,0,0,0,0,0,0,0,0,0.84
46.08,5.12,0,0,0,0,11.1,0,0,0.75,2.5,0,2.78,0,NA,3.129,2.892,0.482,0,0,21.766,0,0,11,0,0,0,0,0,1.72,0,0,0,0,0,0,0,0,0,6,0,0,4.25,0,0,0,0,0,0,0,0,0,0,0,0,0.03
132.13,7.772,2,4,0,0,23.5,0,0,3.258,3.315,2.282,1.501,1.741,NA,4.74,7.607,1.339,2.284,0.129,21.766,2.535,0,0,2.535,0,0,16.917,0,4.455,-1.252,-2.834,-3.144,0,0,0,0,1,0,6,2,0,8.366,0,2,4,0,0,0,0,0,0,0,6,0,0.003
126.15,9.704,2,2,0,0,30.8,0,0,2.924,3.702,4.096,1.939,2.77,NA,5.509,7.785,1.232,0,0,21.766,0,0,17.091,0,9.454,9.454,0,0,7.188,-3.936,-4.828,0,0,0,0,0,0,0,6,0,0,7.674,0,6,0,0,0,0,0,0,0,0,6,0,0.263
62.15,6.906,0,0,0,0,0,0,0,0.042,1.944,0,2.78,0,NA,3.531,7.798,1.243,0,0,14.381,0,0,0,0,0,0,32.22,0,5.9,0,0,0,0,0,0,0,0,0,6,0,0,0,0,0,0,0,0,0,0,0,0,0,0,0,0.713
78.15,7.815,1,0,0,0,10,0,0,2.556,3.056,0,2.88,0,NA,4.611,9.39,1.474,0,0,14.381,0,0,0,0,0,0,0,0,5.9,0,0,0,0,0,0,0,0,0,6,0,0,0,0,0,0,0,0,0,0,0,0,0,0,0,0.101
87.14,5.809,1,0,0,6.7,6.7,0,0,3.069,2.778,3.971,2.005,2.914,NA,4.63,5.863,1.038,0,0,25.618,3.124,0,0,11.95,0,0,4.705,0,3.348,-4.745,0,0,0,0,0,1,0,0,6,3,0,0,0,1,2,0,0,0,0,0,0,0,2,0,0.032
45.1,4.51,0,0,0,10,0,0,0,0.25,2.167,0,2.88,0,NA,3.116,2.647,0.524,0,0,16.793,0,0,0,18.011,0,0,0,18.011,0.8,0,0,0,0,0,0,0,0,0,6,0,0,0,0,0,0,0,0,0,0,0,0,0,0,0,0.03
88.12,6.294,0,0,0,0,14.3,0,0,1.444,2.167,2.056,2.429,2.429,NA,4.018,7.285,1.217,0,0,0,18.37,0,22,18.37,0,0,18.37,0,1.72,-2,-4,0,0,0,0,0,0,0,8,0,0,9.889,0,0,0,0,0,0,0,0,0,0,0,0,0.224
101.22,4.601,0,4,0,4.5,0,0,0,0.785,1.786,1.73,1.705,1.908,NA,3.762,7.628,1.947,0.77,0.903,17.65,9.28,0,0,44.942,0,0,9.28,18.011,0.8,-2,-3.414,0,0,0,0,2,2,6,4,0,4,0,2,0,0,0,0,1,0,0,0,0,0,0,2.519
148.23,5.701,0,5,0,0,11.5,0,0,2.555,2.467,1.932,0.933,0.702,NA,4.253,11.577,2.199,1.208,1.128,28.533,4.592,0,64.683,22.243,0,0,4.592,42.683,1.72,0,-2.373,-2.878,-4.798,0,0,3,2,0,9,0,6,10.107,0,0,2,2,1,0,0,0,0,0,2,0,0.05
393.4,7.868,5,16,0,6,20,0,0,3.965,3.438,1.823,1.977,1.832,NA,4.751,20.005,3.558,0.999,0.706,0,18.951,0,0,28.324,0,0,23.501,213.417,4.004,5.051,4.631,4.162,1.711,-0.661,-2,0,0,0,18,0,0,0,0,5,0,0,0,0,0,0,0,0,0,0,2.809
292.28,8.119,4,11,0,5.6,22.2,0,0,3.555,3.583,1.931,2.111,2.111,NA,4.754,13.661,2.52,0.936,0.915,0,12.634,0,0,18.883,0,0,16.274,170.733,4.004,4.316,3.899,1.279,-0.661,-2,-2.895,0,0,0,12,0,0,0,0,4,0,0,0,0,0,0,0,0,0,0,1.845
92.53,9.253,0,0,0,0,10,0,0,1.226,2.389,2.983,0.732,2.061,4.716,4.184,6.721,1.043,0,0,0,7.442,0,11,7.442,39.149,0,7.442,0,1.72,-4.455,0,0,0,0,0,1,1,0,5,0,0,4.726,0,0,0,1,0,0,0,0,3,0,0,1,0.166
88.12,6.294,1,2,0,0,14.3,0,0,2.822,2.944,2.636,1.094,1.638,NA,4.435,5.775,1.168,0,0,17.65,4.592,0,0,22.243,0,0,11.784,0,4.174,-3.851,0,0,0,0,0,2,0,0,2,3,3,4.403,0,1,3,0,0,1,0,0,0,0,1,0,0.344
106.18,5.899,6,1,0,0,0,0,0,0.162,1.896,1.782,0.82,0.82,7.596,5.098,6.514,1.894,0.638,0,8.825,2.535,0,0,11.36,0,0,5.72,0,0,-1.393,-2.347,-4.096,0,0,0,1,1,5,5,0,0,0,0,0,0,0,0,3,0,0,0,0,0,0,8.653
45.1,4.51,0,0,0,10,0,0,0,0.847,2.5,0,2.336,0,NA,3.117,2.653,0.645,0,0,8.825,35.003,0,0,43.828,0,0,2.106,32.897,0,0,0,0,0,0,0,2,0,0,2,0,3,0,1,0,0,0,0,0,0,0,0,0,0,0,0.03
187.86,23.482,0,0,0,0,0,0,0,0.451,2.125,3.132,0,0,NA,7.078,58.286,0.482,0,0,0,4.808,91.908,0,4.808,0,0,4.808,0,0,0,0,0,0,0,0,2,0,0,4,0,0,0,0,0,0,0,0,0,0,0,0,0,0,0,4.957
88.07,8.807,1,0,0,0,30,12.467,0,2.799,3.111,2.803,1.2,1.532,5.81,4.455,4.628,0.787,0,0,0,9.185,0,0,9.185,0,0,18.434,0,4.496,-3.78,-4.372,0,0,0,0,0,0,0,4,0,0,8.583,0,3,0,0,0,0,0,0,0,0,2,0,0.474
98.96,12.37,0,0,0,0,0,0,0,0.943,2.806,3.132,0,0,NA,4.04,9.289,0.676,0,0,0,5.699,0,0,5.699,78.297,0,5.699,0,0,0,0,0,0,0,0,2,0,0,4,0,0,0,0,0,0,0,0,0,0,0,0,0,0,0,3.301
118.2,5.373,0,5,0,0,9.1,0,0,1.511,2.125,1.574,1.796,1.796,NA,3.823,9.268,1.862,1.059,0.326,17.65,18.37,0,22,36.02,0,0,18.37,0,1.72,-1.12,-2.449,-3.57,0,0,0,2,0,0,8,0,6,10.021,0,0,2,0,2,0,0,0,0,0,0,0,0.499
90.14,5.634,0,3,0,0,12.5,0,0,1.157,2.333,1.958,1.844,2.219,NA,3.707,6.806,1.118,1.535,0,21.766,9.185,0,22,9.185,0,0,9.185,0,1.72,-3.162,0,0,0,0,0,0,0,0,10,0,0,9.314,0,0,0,0,0,0,0,0,0,0,0,0,0.007
90.14,5.634,0,3,0,0,12.5,0,0,2.072,2.667,1.958,0.672,1.172,NA,3.706,6.584,1.225,0.84,0,8.825,9.185,0,53.683,18.01,0,0,9.185,42.683,1.72,-3.162,0,0,0,0,0,2,0,0,6,0,3,4.733,0,0,1,0,1,0,0,0,0,0,0,0,0.007
44.06,6.294,0,0,0,0,14.3,0,0,1,2.167,0,2.346,0,NA,3.119,2.647,0.608,0,0,0,9.185,0,11,9.185,0,0,9.185,0,1.72,0,0,0,0,0,0,0,0,0,4,0,0,4.5,0,0,0,0,0,0,0,0,0,0,0,0,0.319
60.12,5.01,0,1,0,16.7,0,0,0,0.903,2.75,3.132,2.097,3.057,NA,3.422,3.868,0.653,0,0,0,70.006,0,0,70.006,0,0,4.211,65.794,0,0,0,0,0,0,0,2,0,0,4,0,0,0,0,0,0,0,0,0,0,0,0,0,0,0,1.109
46.03,9.206,1,0,0,0,40,0,0,1.361,5,0,0,0,NA,3.758,1.251,0.158,0,0,0,0,0,0,0,0,0,0,42.683,2.873,0,0,0,0,0,0,0,0,0,0,0,0,0,0,1,0,0,0,0,0,0,0,0,0,0,1.056
92.11,6.579,0,2,0,0,21.4,0,0,2.167,3.722,3.135,1.272,2.217,NA,4.046,5.759,0.932,0,0,0,0,0,128.05,0,0,0,0,128.05,0,-3.791,0,0,0,0,0,2,1,0,5,0,0,0,0,0,0,0,0,0,0,0,0,0,2,0,1.876
75.08,7.508,1,1,0,10,20,0,0,2.243,4.033,3.916,1.064,2.525,NA,4.415,3.418,0.517,0,0,0,35.003,0,0,35.003,0,0,3.016,75.581,3.984,0,0,0,0,0,0,1,0,0,2,0,0,0,0,1,0,0,0,0,0,0,0,0,0,0,11.813
58.04,9.673,2,1,0,0,33.3,0,0,1.806,4.5,3.132,0,0,NA,4.206,1.246,0.452,0,0,0,0,0,0,0,22.848,0,0,0,0,0,0,0,0,0,0,0,0,0,0,0,0,0,0,0,0,0,0,0,0,0,0,0,0,0,1.705
138.02,17.252,0,0,6,0,0,0,0,2.437,6.312,4.976,0,0,NA,4.982,0.508,0.784,0,0,0,0,15.519,0,15.519,0,0,0,0,4.53,-3,-3,-7.817,0,0,0,2,0,0,0,0,0,0,0,0,0,0,0,0,0,0,0,0,0,0,4.957
110.12,7.866,6,0,0,0,14.3,0,0,2.646,2.917,1.848,1.571,1.571,7.54,5.243,3.619,1.337,2.823,0,0,0,0,0,0,0,0,0,85.367,0,-2.275,-3,-3.623,0,0,0,0,0,0,4,0,0,0,4,0,4,4,0,0,0,0,0,0,4,0,0.798
68.09,7.566,5,0,0,22.2,0,9.167,0,0.667,2.3,3.125,0,0,NA,4.457,2.938,0.437,0,0,0,0,0,0,34.452,16.786,0,0,16.786,0,-3.236,0,0,0,0,0,0,0,0,0,0,0,0,0,0,0,0,0,0,0,0,0,0,0,0,0.134
116.18,5.809,1,3,0,0,10,0,0,3.126,2.625,2.125,1.213,1.645,NA,4.492,8.264,1.867,1.772,0,26.476,4.592,0,0,31.068,0,0,11.784,0,4.174,-2,-2.606,-4.507,0,0,0,3,0,6,2,3,1,4.664,0,1,3,2,2,1,0,0,0,0,3,0,1.886
86.2,4.31,0,2,0,0,0,0,0,0.253,1.722,2.636,1.529,2.294,NA,3.993,6.409,2.067,0,0,26.476,5.069,0,0,31.545,0,0,5.069,0,0,-3.851,0,0,0,0,0,3,2,14,0,0,0,0,0,0,0,0,0,2,0,0,0,0,0,0,12.363
60.11,5.009,0,0,0,0,8.3,0,0,2.056,2.833,0,2.786,0,NA,3.825,4.124,0.991,0,0,17.65,0,0,42.683,17.65,0,0,0,42.683,0,0,0,0,0,0,0,2,1,0,1,0,6,0,2,0,2,0,0,0,0,0,0,0,0,0,0.12
102.15,6.009,1,2,0,0,11.8,0,0,3.032,2.786,2.672,1.55,2.031,NA,4.535,7.047,1.519,0,0,26.476,0,0,0,26.476,0,0,7.191,0,4.174,-2,-4.772,0,0,0,0,3,1,0,1,3,6,4.611,0,1,4,0,0,2,0,0,0,0,1,0,0.991
59.13,4.548,0,0,0,7.7,0,0,0,1.111,2.333,0,2.77,0,NA,3.814,4.035,1.001,0,0,17.65,32.897,0,0,50.548,0,0,0,32.897,0,0,0,0,0,0,0,2,1,0,1,0,6,0,2,0,0,0,0,0,0,0,0,0,0,0,0.12
90.09,7.508,1,1,0,0,25,0,0,2.449,4,3.971,0.994,2.487,NA,4.637,4.381,0.875,0,0,8.825,0,0,42.683,8.825,0,0,0.91,85.367,4.062,-4.745,0,0,0,0,0,1,1,0,1,0,3,0,1,1,1,2,0,0,0,0,0,0,2,0,0.494
98.06,10.896,3,0,0,0,33.3,15.767,0,2.924,3.548,2.393,0.889,0.889,6.725,4.85,0.85,0.787,0,0,0,0,0,0,0,18.952,0,14.383,0,3.859,-2.408,-4.473,-5.041,0,0,0,0,0,0,2,0,0,3.972,0,2,4,2,0,0,0,0,0,0,4,0,0.252
126.15,8.41,6,0,0,40,0,0,0,1.137,2.889,1.903,1.985,1.985,NA,5.376,4.473,0.112,0,0,0,0,0,0,5.697,50.357,0,5.697,98.692,0,-0.891,-1.583,-4.072,-6,0,0,0,0,0,0,0,0,0,0,3,0,0,0,0,0,0,0,0,0,0,0
32.06,5.343,0,0,0,33.3,0,0,0,0,4,0,0,0,0.816,2.2,1.302,0.08,0,0,0,0,0,0,0,0,0,0,65.549,0,0,0,0,0,0,0,0,0,0,0,0,0,0,0,0,0,0,0,0,0,0,0,0,0,0,4.523
86.1,7.175,2,1,0,0,16.7,0,0,2.6,3.556,3.971,1.16,2.355,NA,4.894,3.912,1.067,0,0,8.825,15.767,0,0,8.825,0,0,4.095,42.683,2.873,-4.745,0,0,0,0,0,1,0,3,2,0,0,0,1,1,2,4,0,0,0,0,0,0,4,0,0.229
96.12,10.68,2,0,0,0,33.3,0,0,2.187,4.583,0,2.289,0,NA,5.481,8.417,1.203,0,0,7.19,0,0,39.096,0,1.339,1.339,0,39.096,5.85,0,0,0,0,0,0,0,0,0,3,0,0,0,0,3,0,0,0,0,0,0,0,0,0,0,2.449
32.05,5.342,0,0,0,0,16.7,0,0,1,4,0,0,0,0.816,2.225,1.551,0.2,0,0,4.602,0,0,42.683,0,0,0,0,42.683,0,0,0,0,0,0,0,1,0,0,3,0,0,0,0,0,0,0,0,0,0,0,0,0,0,0,0.663
86.1,7.175,2,2,0,0,16.7,0,0,2.84,3.194,3.135,0.862,1.758,NA,4.644,4.468,1.021,0,0,10.883,15.767,0,0,0,9.476,0,7.191,0,3.349,-3.791,0,0,0,0,0,0,0,0,6,0,0,4.142,0,1,2,2,0,0,0,0,0,0,3,0,0.229
72.12,5.548,1,1,0,0,7.7,0,0,2.812,2.833,3.916,1.455,2.724,NA,4.415,4.548,1.253,0,0,17.65,2.535,0,0,20.185,0,0,7.668,0,3.677,0,0,0,0,0,0,2,1,3,0,5,0,0,0,0,2,1,0,0,0,0,0,0,1,0,0.429
60.06,7.507,1,1,0,0,25,0,0,1.951,3.625,3.132,1.719,0,NA,3.896,3.431,0.442,0,0,10.883,0,0,0,0,0,0,0,0,3.349,0,0,0,0,0,0,0,0,0,3,0,0,3.861,0,1,0,0,0,0,0,0,0,0,1,0,0.149
141.94,28.388,0,0,0,0,0,0,0,0.03,2.06,0,0,0,0.816,9.816,71.685,0.144,0,0,7.299,0,56.782,0,0,0,0,0,0,0,0,0,0,0,0,0,1,0,0,3,0,0,0,0,0,0,0,0,0,0,0,0,0,0,0,1.86
88.17,4.898,0,1,0,0,5.6,0,0,1.437,2.125,5.184,2.577,3.239,NA,4.467,6.926,1.617,0,0,37.359,0,0,11,26.476,0,0,0,0,1.72,-4.381,0,0,0,0,0,3,0,0,3,0,9,4.937,0,0,3,0,0,0,0,0,0,0,0,0,1.463
118.15,6.564,1,4,0,0,16.7,0,0,3.268,2.833,2.049,0.751,0.982,NA,4.487,8.178,1.421,1.484,0.215,21.766,7.127,0,11,7.127,0,0,14.318,0,4.174,-1.8,-2.906,-4.344,0,0,0,0,1,0,8,2,0,8.947,0,1,3,0,0,0,0,0,0,0,4,0,0.026
31.07,4.439,0,0,0,14.3,0,0,0,0.5,3,0,0,0,0.816,2.206,1.368,0.273,0,0,8.396,32.897,0,0,32.897,0,0,0,32.897,0,0,0,0,0,0,0,1,0,0,3,0,0,0,0,0,0,0,0,0,0,0,0,0,0,0,0.663
50.49,10.098,0,0,0,0,0,0,0,0.528,3.056,0,0,0,0.816,2.941,6.51,0.469,0,0,9.14,0,0,0,0,39.149,0,0,0,0,0,0,0,0,0,0,1,0,0,3,0,0,0,0,0,0,0,0,0,0,0,0,0,0,0,0.713
98.21,4.677,0,0,0,0,0,0,0,0.36,1.548,2.022,1.274,1.274,6.593,4.256,8.575,2.386,0,0,8.825,12.673,0,0,21.498,0,0,12.673,0,0,-2.347,-3.206,-4.789,0,0,0,1,5,14,0,0,0,0,0,0,0,0,0,1,0,0,0,0,0,0,12.092
99.15,6.197,1,0,0,6.3,6.3,15.767,0,3.5,2.452,2.704,0.672,0.672,6.678,4.641,7.341,1.368,0,0,8.396,10.299,0,0,10.299,0,0,11.879,0,3.348,-2.78,-4.183,-5.553,0,0,0,0,2,0,5,2,2,0,0,1,3,1,0,0,0,0,0,0,3,0,0.039
73.11,6.093,1,0,0,8.3,8.3,0,0,2.431,3,3.916,2.487,0,NA,4.24,4.648,0.686,0,0,16.793,3.124,0,0,3.124,0,0,0,0,2.293,0,0,0,0,0,0,0,0,0,6,0,0,0,0,1,0,0,0,0,0,0,0,0,2,0,0.074
208.25,9.466,13,1,0,0,13.6,0,49.202,4.002,2.851,1.343,0.273,0.091,14.661,6.601,6.072,2.565,1.183,1.528,0,0,0,39.096,0,1.339,1.339,6.697,39.096,5.85,2.796,1.775,-1.097,-2.445,-3,-7.72,0,0,0,7,0,0,0,0,3,0,6,9,5,0,0,0,0,6,0,3.905
123.12,8.794,7,1,0,7.1,14.3,0,0,3.006,3.074,1.764,0.571,0.571,8.605,5.283,3.079,1.153,2.944,0,6.545,0,0,0,0,6.545,0,2.757,0,2.393,-1.582,-2,-2.347,-5.459,0,0,0,0,0,5,0,0,0,0,1,2,6,2,0,0,0,0,0,4,0,1.75
109.14,7.276,6,0,0,6.7,6.7,0,0,2.794,2.667,2.091,0.133,0.133,7.711,5.28,4.481,1.256,0,0,0,0,0,0,0,0,0,2.757,75.581,0,-1.645,-3.451,-3.464,0,0,0,0,0,0,4,0,0,0,2,0,1,2,0,0,0,0,0,0,2,0,1.972
140.57,10.041,7,1,0,0,7.1,0,0,3.143,2.716,1.894,0,0,8.679,5.524,2.473,1.062,0.654,0,0,0,39.149,0,0,50.573,0,6.686,0,0,-0.549,-1.88,-3.459,-5.882,0,0,0,0,0,4,0,0,0,0,0,1,1,1,1,0,0,4,0,2,3,5.618
126.59,8.439,6,0,0,0,0,0,0,1.598,2.181,2.091,0.317,0.317,7.711,5.493,5.215,1.324,0,0,8.825,0,39.149,0,8.825,39.149,0,6.686,0,0,-1.645,-3.451,-3.464,0,0,0,1,0,3,4,0,0,0,0,0,0,0,0,2,0,0,0,0,0,3,10.302
108.15,6.759,6,0,0,0,6.3,0,0,2.919,2.417,2.091,0.297,0.297,7.711,5.28,5.401,1.615,0,0,8.825,0,0,0,8.825,0,0,3.186,42.683,0,-1.645,-3.451,-3.464,0,0,0,1,0,3,4,0,0,0,2,0,2,3,0,1,0,0,0,0,3,0,3.456
139.12,9.275,7,1,0,6.7,20,0,0,3.067,3.333,1.869,0,0,9.663,5.426,2.725,1.228,1.926,0,6.545,0,0,0,0,6.545,0,2.757,42.683,2.393,-0.52,-2,-2.016,-5.184,0,0,0,0,0,4,0,0,0,1,1,2,6,2,0,0,0,0,0,6,0,0.613
32.06,5.343,0,0,0,33.3,0,0,0,0,4,0,0,0,0.816,2.2,1.302,0.08,0,0,0,0,0,0,0,0,0,0,65.549,0,0,0,0,0,0,0,0,0,0,0,0,0,0,0,0,0,0,0,0,0,0,0,0,0,0,4.523
128.56,9.889,6,0,0,0,7.7,0,0,2.698,2.681,1.848,0.615,0.615,7.54,5.443,2.293,1.092,6.401,0,0,0,39.149,0,0,39.149,0,3.501,42.683,0,-2.275,-3,-3.623,0,0,0,0,0,0,4,0,0,0,2,0,2,2,1,0,0,0,5,0,2,2,4.525
139.12,9.275,7,1,0,6.7,20,0,0,3.036,3.333,1.597,0.533,0.533,9.534,5.374,2.725,1.228,0.724,3.784,6.545,0,0,0,0,6.545,0,2.757,42.683,2.393,-0.5,-2,-3,-5.275,0,0,0,0,0,4,0,0,0,2,1,4,8,0,0,0,0,0,0,6,0,0.613
137.15,8.068,7,1,0,5.9,11.8,0,0,3.118,2.933,1.597,0.75,0.75,9.534,5.376,5.215,1.505,1.394,5.061,15.37,0,0,0,8.825,6.545,0,5.942,0,2.393,-0.5,-2,-3,-5.275,0,0,1,0,3,4,0,0,0,0,1,2,6,3,0,0,0,0,0,4,0,2.81
108.16,6.76,6,0,0,12.5,0,0,0,1.371,2.417,1.848,1.75,1.75,7.54,5.239,5.172,1.17,2.369,0,0,0,0,0,0,0,0,5.513,65.794,0,-2.275,-3,-3.623,0,0,0,0,0,0,4,0,0,0,4,0,0,0,0,0,0,0,0,0,0,0,0.798
136.17,6.484,0,4,0,0,19,0,0,2.497,3.472,3.634,2.495,2.951,NA,4.578,8.965,1.647,0,0,0,0,0,170.733,0,0,0,0,170.733,0,-0.325,-4.828,-4.828,0,0,0,4,0,0,8,0,0,0,4,0,4,0,0,0,0,0,0,0,12,0,1.729
72.17,4.245,0,2,0,0,0,0,0,0.212,1.7,2.34,1.976,2.703,NA,3.585,5.042,1.72,0,0,17.65,7.604,0,0,25.254,0,0,7.604,0,0,0,0,0,0,0,0,2,3,12,0,0,0,0,0,0,0,0,0,1,0,0,0,0,0,0,9.85
288.05,16.944,0,2,12,0,0,0,0,4.031,6.015,3.667,1.976,2.703,NA,5.475,2.036,2.085,0,0,0,0,15.519,0,15.519,0,0,0,0,4.53,3.756,-3,-3,-3,-3,-8.481,2,3,0,0,0,0,0,0,0,0,0,0,0,0,0,0,0,0,0,17.665
94.12,7.24,6,0,0,0,7.7,0,0,2.632,2.524,2.022,0.615,0.615,6.593,5.098,3.792,1.257,0,0,0,0,0,0,0,0,0,0,42.683,0,-2.347,-3.206,-4.789,0,0,0,0,0,0,5,0,0,0,2,0,2,2,0,0,0,0,0,0,2,0,2.268
136.16,7.564,7,2,0,0,11.1,0,0,3.169,2.783,1.435,0.556,0.556,9.618,5.152,5.574,1.769,1.313,2.131,0,2.535,0,0,2.535,0,0,6.63,42.683,4.03,-0.366,-2,-2.294,-4.789,0,0,0,1,0,5,2,0,0,1,1,2,2,4,1,0,0,0,0,2,0,3.117
119.13,8.509,8,1,0,7.1,7.1,0,0,2.683,2.685,1.506,0.571,0.571,8.606,5.221,2.967,1.096,2.102,7.485,0,0,0,0,16.786,0,0,2.757,0,3.175,-0.472,-1.828,-2.347,-4.789,0,0,0,0,0,5,0,0,0,0,1,2,2,2,0,0,0,0,0,1,0,2.605
98.91,24.727,1,0,0,0,25,0,0,1.975,4.222,0,0,0,NA,4.803,2.095,0.018,0,0,0,0,0,0,0,0,0,5.764,0,4.948,0,0,0,0,0,0,0,0,0,0,0,0,0,0,0,2,0,0,0,0,0,4,0,0,0,0.041
137.32,34.33,0,0,0,0,0,0,0,0.759,3.352,0,0,0,NA,3.829,0.026,0.382,0,0,0,21.747,0,0,0,0,0,0,0,0,0,0,0,0,0,0,0,0,0,0,0,0,0,0,0,0,0,0,0,0,0,0,0,0,0,1.86
208.22,34.703,0,0,0,0,0,0,0,0.867,3.533,0,0,0,NA,4.934,0.039,0.471,0,0,0,0,0,0,0,0,0,0,0,0,-4,0,0,0,0,0,0,0,0,0,0,0,0,0,0,0,0,0,0,0,0,0,0,0,0,4.957
153.32,30.664,1,0,0,0,20,0,0,2.512,4.028,0,0,0,NA,5.134,1.936,0.666,0,0,0,0,0,0,0,8.976,8.976,0,0,0,0,0,0,0,0,0,0,0,0,0,0,0,0,0,0,3,0,0,0,0,0,6,0,0,0,0.041
148.12,9.875,8,0,0,0,20,17.22,0,3.833,2.924,1.606,0.933,0.933,11.638,5.534,2.281,1.278,3.394,0,0,0,0,0,0,0,0,20.754,0,3.859,2.168,-1.284,-1.377,-3.819,-6.144,0,0,0,0,4,0,0,4.354,0,2,4,6,2,0,0,0,0,0,8,0,4.804
147.14,9.196,8,0,0,6.3,12.5,17.22,0,3.928,2.788,1.606,0.125,0,11.638,5.538,2.948,1.318,1.664,0,0,0,0,0,16.786,0,0,11.076,42.683,2.562,2.168,-1.284,-1.377,-3.819,-6.144,0,0,0,0,4,0,0,0,1,2,4,6,2,0,0,0,0,0,6,0,4.804
85.17,5.01,0,0,0,5.9,0,0,0,0.785,1.667,2.056,1.294,1.294,NA,4.006,7.279,1.596,0,0,0,11.815,0,0,29.826,0,0,11.815,18.011,0.8,-2,-4,0,0,0,0,0,3,2,4,0,4,0,2,0,0,0,0,0,0,0,0,0,0,0,0.668
162.21,7.373,8,2,0,9.1,4.5,0,0,3.533,2.667,1.293,0.545,0.545,11.644,5.293,6.639,1.744,1.232,1.487,0,65.794,0,0,65.794,12.233,0,10.647,65.794,1.96,2.136,-0.531,-2,-2.347,-4.789,0,0,0,0,6,0,0,0,1,0,0,1,2,1,0,0,0,0,1,0,0.57
58.09,5.809,1,1,0,0,10,0,0,2.174,3.125,3.132,2.136,0,NA,3.903,3.333,0.908,0,0,8.825,2.535,0,0,11.36,11.424,0,2.535,0,2.555,0,0,0,0,0,0,1,1,3,0,2,0,0,0,0,1,1,0,0,0,0,0,0,1,0,0.041
74.09,6.735,1,1,0,0,18.2,0,0,2.368,3.633,3.916,1.243,2.634,NA,4.418,4.049,0.895,0,0,8.825,2.535,0,0,11.36,0,0,3.444,42.683,3.925,0,0,0,0,0,0,1,1,3,0,2,0,0,1,1,2,2,0,0,0,0,0,0,2,0,0.018
59.13,4.548,0,1,0,7.7,0,0,0,1.028,2.25,3.132,1.397,2.797,NA,3.422,3.874,1.001,0,0,8.825,37.537,0,0,46.363,0,0,4.64,32.897,0,0,0,0,0,0,0,2,1,3,2,0,2,0,1,0,0,0,0,0,0,0,0,0,0,0,0.12
42.09,4.677,1,0,0,0,0,0,0,0.361,2.333,0,2.159,0,NA,3.743,2.051,0.852,0,0,8.825,15.767,0,0,8.825,9.476,0,0,0,0,0,0,0,0,0,0,1,0,3,3,0,0,0,0,0,0,0,0,0,0,0,0,0,0,0,1.486
76.11,5.855,0,1,0,0,15.4,0,0,2.111,3.367,3.916,1.089,2.643,NA,3.953,5.095,0.963,0,0,8.825,0,0,85.367,8.825,0,0,0,85.367,0,0,0,0,0,0,0,2,1,0,3,0,3,0,1,0,1,1,0,0,0,0,0,0,1,0,0.285
58.09,5.809,0,0,0,0,10,0,0,1.208,2.083,0,1.008,2.336,3.739,3.839,3.805,0.959,0,0,8.825,4.592,0,11,13.418,0,0,4.592,0,1.72,0,0,0,0,0,0,1,1,0,3,0,3,4.708,0,0,1,0,0,0,0,0,0,0,0,0,0.002
68.09,7.566,5,0,0,22.2,0,9.167,0,0.597,2.3,3.125,0,0,NA,4.491,2.82,0.554,0,0,0,0,0,0,25.71,16.663,0,0,16.663,0,-3.236,0,0,0,0,0,0,0,0,1,0,0,0,1,0,1,0,0,0,0,0,0,0,0,0,0.134
54.031,9.005,0,0,0,0,16.7,0,0,0.889,2.315,0,0,0,NA,3.246,2.784,38.904,0,0,10.883,0,0,0,0,0,0,0,0,0,0,0,0,0,0,0,1,0,0,3,0,0,4.389,0,0,0,0,0,0,0,0,0,0,0,0,0.663
104.16,6.51,7,1,0,0,0,0,0,0.631,2.083,1.782,0.625,0.625,7.596,5.155,5.033,1.534,0.703,0,0,15.767,0,0,0,9.476,0,3.186,0,0,-1.393,-2.347,-4.096,0,0,0,0,0,0,8,0,0,0,0,0,0,0,0,3,0,0,0,0,0,0,8.13
73.16,4.573,0,0,0,6.3,0,0,0,1.354,2.25,0,3.158,0,NA,4.403,5.511,1.352,0,0,26.476,32.897,0,0,59.373,0,0,0,32.897,0,0,0,0,0,0,0,3,0,0,0,0,9,0,3,0,0,0,0,0,0,0,0,0,0,0,0.64
165.82,27.637,1,0,0,0,0,0,0,0.883,3.296,3.971,0,0,NA,5.287,4.232,0.076,0,0,0,0,0,0,0,0,0,7.631,0,2.4,-4.745,0,0,0,0,0,0,0,0,0,0,0,0,0,0,0,0,0,0,0,0,0,0,0,0,6.047
208.37,6.314,0,8,0,0,12.1,0,0,1.923,2.207,2.695,2.758,2.911,NA,4.863,19.031,4.269,0.772,0.236,35.301,18.37,0,0,53.67,0,0,18.37,0,0,1.094,-0.656,-0.656,-1.735,-5.544,0,4,0,0,8,0,12,21.692,0,6,4,0,0,0,0,0,0,0,12,0,0.063
102.04,12.755,0,0,4,0,0,0,0,2.41,5.792,5.184,0,0,NA,4.5,3.035,0.737,0,0,0,8.47,7.76,0,16.229,0,0,8.47,0,4.53,-4.381,0,0,0,0,0,2,0,0,2,0,0,0,0,0,0,0,0,0,0,0,0,0,0,0,3.301
72.12,5.548,0,0,0,0,7.7,9.167,0,1.444,1.9,3.125,1.538,1.538,NA,3.696,6.131,1.305,0,0,0,14.254,0,11,14.254,0,0,14.254,0,1.72,-3.236,0,0,0,0,0,0,2,0,4,0,4,4.944,0,0,2,0,0,0,0,0,0,0,0,0,0.166
92.15,6.143,6,0,0,0,0,0,0,0.083,1.952,2.022,0.85,0.85,6.593,5.094,5.171,1.527,0,0,8.825,0,0,0,8.825,0,0,3.186,0,0,-2.347,-3.206,-4.789,0,0,0,1,0,3,5,0,0,0,0,0,0,0,0,1,0,0,0,0,0,0,6.802
163.38,20.422,1,0,0,0,25,0,0,2.625,4.036,4.656,2.094,0,NA,5.434,9.11,0.464,0,0,0,0,0,0,0,117.446,0,0.91,42.683,4.565,-3,-6.155,0,0,0,0,1,0,0,0,0,0,0,0,1,0,6,0,0,0,0,18,0,0,0,0.991
117.16,29.29,0,0,0,0,0,0,0,0.694,3.417,0,0,0,NA,4.329,0.789,0.131,0,0,0,0,0,0,0,0,0,0,0,0,0,0,0,0,0,0,0,0,0,0,0,0,0,0,0,0,0,0,0,0,0,0,0,0,0,1.86
131.38,21.897,1,0,0,0,0,0,0,0.846,3.2,3.916,0,0,NA,4.992,7.455,0.021,0,0,0,9.791,39.149,0,0,39.149,0,3.816,0,2.4,0,0,0,0,0,0,0,0,0,0,0,0,0,0,0,0,0,0,0,0,0,0,0,0,0,4.332
119.37,23.874,0,0,0,0,0,0,0,0.694,3.417,0,0,0,NA,4.282,8.292,0.025,0,0,0,0,0,0,0,117.446,0,0,0,2.49,0,0,0,0,0,0,1,0,0,0,0,0,0,0,0,0,0,0,0,0,0,0,0,0,0,3.301
147.43,13.403,0,0,0,0,0,0,0,1.275,2.778,3.135,2.482,0,NA,4.559,13.184,0.825,0,0,0,5.699,0,0,5.699,117.446,0,5.699,0,0,-3.791,0,0,0,0,0,2,1,0,5,0,0,0,0,0,0,0,0,1,0,0,0,0,0,2,6.781
101.22,4.601,0,3,0,4.5,0,0,0,0.375,1.786,2.933,2.637,3.029,NA,4.11,7.837,1.85,0,0,26.476,6.317,0,0,35.917,0,0,6.317,0,1.2,-3.791,-3.791,0,0,0,0,3,0,0,6,0,9,0,0,0,3,0,0,3,0,0,0,0,0,0,2.519
114.03,14.254,1,0,3,0,25,0,0,2.579,5.702,4.656,2.094,0,NA,4.944,0.971,0.602,0,0,0,0,7.76,0,7.76,0,0,0.91,42.683,5.735,-3,-6.155,0,0,0,0,1,0,0,0,0,0,0,0,1,0,0,0,0,0,18,0,0,0,0,0.134
70.02,14.004,0,0,3,0,0,0,0,1.667,6.333,0,0,0,NA,3.855,1.869,0.284,0,0,0,0,14.05,0,14.05,0,0,0,0,4.53,0,0,0,0,0,0,1,0,0,0,0,0,0,0,0,0,0,0,0,0,0,0,0,0,0,1.243
265.47,14.748,9,3,0,0,16.7,0,0,3.852,3.289,1.54,1.585,1.585,NA,5.765,3.978,0.793,1.596,0,0,0,0,0,0,0,0,25.902,0,3.87,2.461,2.461,-1.953,-2,-2,-6,0,0,0,3,0,0,0,0,0,6,6,3,6,0,0,42,0,6,6,3.789
103.93,6.496,0,3,0,0,18.8,0,0,1.104,2.548,2.933,2.627,3.08,NA,4.127,7.504,1.424,0,0,32.649,0,0,0,0,0,0,0,0,0,-3.791,-3.791,0,0,0,0,0,0,0,9,0,0,13.812,0,3,0,0,0,0,0,0,0,0,6,0,1.876
59.13,4.548,0,0,0,7.7,0,0,0,0,2,0,3.333,0,NA,3.814,4.028,0.779,0,0,25.189,0,0,0,3.124,0,0,0,0,1.2,0,0,0,0,0,0,0,0,0,9,0,0,0,0,0,0,0,0,0,0,0,0,0,0,0,0.12
86.1,7.175,2,2,0,0,16.7,0,0,2.75,3.194,2.636,0.862,1.459,NA,4.52,4.26,1.021,0,0,8.825,27.301,0,0,8.825,0,0,7.191,0,4.174,-3.851,0,0,0,0,0,1,0,0,2,3,0,4.167,0,1,3,0,0,1,0,0,0,0,1,0,0.229
62.5,10.417,1,0,0,0,0,0,0,0.651,3.037,0,0,0,NA,4.326,2.834,0.493,0,0,0,25.558,39.149,0,0,39.149,0,0,0,0,0,0,0,0,0,0,0,0,0,2,0,0,0,0,0,0,0,0,0,0,0,0,0,0,0,1.486
46.05,7.675,1,0,1,0,0,0,0,2.056,4.333,0,0,0,NA,3.791,1.773,0.538,0,0,0,31.179,0,0,0,0,0,0,0,0,0,0,0,0,0,0,0,0,0,2,0,0,0,0,0,0,0,0,0,0,0,0,0,0,0,0.94
106.18,5.899,6,0,0,0,0,0,0,0.12,1.917,2.091,1.528,1.528,7.711,5.276,6.483,1.894,0,0,17.65,0,0,0,17.65,0,0,6.371,0,0,-1.645,-3.451,-3.464,0,0,0,2,0,6,4,0,0,0,0,0,0,0,0,2,0,0,0,0,0,0,8.653