,MW,AMW,nBM,RBN,nDB,nN,nF,O%,D/Dtr03,D/Dtr05,D/Dtr10,BLI,MAXDP,Psi_i_A,Psi_e_1d,Vindex,Yindex,CIC3,CIC5,VE3sign_B(i),ATSC2m,ATSC1p,MATS6m,GATS3v,GATS4v,GATS5e,GATS7e,GATS8e,GATS1p,GATS3s,GATS4s,P_VSA_LogP_1,P_VSA_LogP_2,P_VSA_LogP_8,P_VSA_MR_3,P_VSA_MR_5,P_VSA_MR_7,P_VSA_s_1,P_VSA_s_3,P_VSA_ppp_N,SpMAD_EA(dm),SM13_AEA(bo),SM15_AEA(dm),SM06_AEA(ri),SM09_AEA(ri),Eig02_EA(dm),Eig03_EA(dm),Eig04_EA(dm),Eig09_AEA(dm),Eig10_AEA(dm),nCp,nCrs,nCconj,C-005,C-026,H-046,H-047,H-051,H-052,O-059,SdCH2,StN,CATS2D_04_DD,CATS2D_02_DA,CATS2D_02_DL,CATS2D_06_DL,CATS2D_02_AL,CATS2D_03_AL,CATS2D_06_LL,T(N..Cl),T(O..F),T(F..Cl),F03[C-O],F03[C-Cl],F03[O-Cl],F05[C-Cl],MLOGP2
0,60.11,5.009,0,1,0,0,0,8.3,0.0,0.0,0.0,1.523,1.875,2.75,-1.01,1.089,3.132,0.73,2.786,-0.585,3.978,0.991,0.0,0.79,0.426,0.0,0.0,0.0,1.768,0.806,1.554,8.825,2.535,0.0,42.683,11.36,0.0,0.0,2.535,0.0,0.0,0.0,0.0,0.0,0.0,0.0,0.0,0.0,0.0,0.0,2,0,0,0,0,3,2,0,2,0,0.0,0.0,0,0,1,0,1,1,0,0,0,0,1,0,0,0,0.12
1,184.5,15.375,0,1,0,0,5,8.3,0.0,0.0,0.0,0.805,3.588,5.153,-0.044,0.919,2.995,0.333,1.959,-0.619,5.044,1.275,0.0,0.935,0.989,1.004,0.0,0.0,1.337,1.046,0.933,0.0,0.0,14.055,11.0,14.055,0.0,0.0,0.0,0.0,1.486,-1.0,-2.0,0.0,0.0,2.325,1.535,0.0,-1.278,0.0,1,0,0,0,0,0,0,0,0,1,0.0,0.0,0,0,0,0,0,1,0,0,11,18,0,0,1,0,3.12
2,74.14,4.943,0,1,0,0,0,6.7,0.0,0.0,0.0,1.463,2.361,2.567,0.662,1.106,3.916,0.767,2.718,-0.288,5.333,1.353,0.0,1.028,0.802,0.0,0.0,0.0,1.698,1.467,1.028,17.65,2.535,0.0,42.683,20.185,0.0,0.0,2.535,0.0,0.0,0.0,0.0,0.0,0.0,0.0,0.0,0.0,0.0,0.0,2,0,0,0,0,3,1,0,5,0,0.0,0.0,0,0,2,0,2,1,0,0,0,0,1,0,0,0,0.64
3,88.17,4.898,0,1,0,0,0,5.6,0.0,0.0,0.0,1.371,2.826,2.458,-0.408,1.203,5.184,1.348,2.979,-0.173,6.777,1.708,0.0,1.512,0.736,0.0,0.0,0.0,1.657,2.083,0.691,26.476,2.535,0.0,42.683,29.01,0.0,0.0,2.535,0.0,0.0,-1.514,0.0,0.0,0.0,0.0,0.0,0.0,0.0,0.0,3,0,0,0,0,3,0,0,8,0,0.0,0.0,0,0,3,0,3,1,0,0,0,0,1,0,0,0,1.463
4,138.14,8.634,7,1,1,2,0,12.5,0.0,0.0,0.0,0.811,3.147,3.133,0.026,0.57,1.869,0.5,0.125,-0.793,3.886,1.147,0.027,1.176,1.073,2.273,0.0,0.0,0.749,0.61,1.022,6.545,0.0,0.0,0.0,0.0,6.545,0.0,5.513,0.0,0.274,-0.243,-2.0,0.0,0.0,0.0,0.0,0.0,-1.494,-2.0,0,0,0,0,2,0,4,0,0,0,0.0,0.0,0,0,1,0,1,4,0,0,0,0,4,0,0,0,0.613
5,197.44,15.188,6,0,0,0,0,7.7,0.0,0.0,0.0,1.074,2.95,2.9,0.026,0.589,1.909,0.154,0.0,-2.559,4.696,0.629,-1.97,1.13,1.485,0.432,0.0,0.0,0.409,1.102,1.341,0.0,0.0,117.446,0.0,0.0,117.446,0.0,10.502,0.0,0.0,-0.463,-1.372,0.0,0.0,0.0,0.0,0.0,-1.373,-2.0,0,0,0,0,4,0,2,0,0,0,0.0,0.0,0,0,1,0,1,2,0,0,0,0,2,6,1,0,10.982
6,161.03,10.735,6,0,0,0,0,0.0,0.0,0.0,0.0,1.181,1.514,2.34,-0.047,0.54,1.63,0.667,0.667,-1.159,5.593,1.045,0.361,1.124,1.151,1.31,0.0,0.0,0.657,0.84,1.224,0.0,2.85,39.149,0.0,2.85,78.297,0.0,9.536,0.0,0.229,-0.309,-2.787,0.0,0.0,0.0,0.0,0.0,-2.0,0.0,1,0,0,0,1,0,6,0,0,0,0.0,0.0,0,0,0,0,0,0,1,0,0,0,0,4,0,2,12.439
7,130.21,5.661,1,4,1,0,0,8.7,0.0,0.0,0.0,1.222,3.203,2.5,0.084,0.678,1.821,1.142,1.339,-0.328,9.505,2.213,-0.002,1.183,0.885,1.544,1.874,0.0,1.719,1.145,0.731,26.476,7.127,0.0,0.0,33.603,0.0,0.0,14.318,0.0,0.682,-1.0,-2.0,0.0,0.0,0.286,0.0,0.0,0.0,0.0,3,0,0,0,0,7,2,3,2,0,0.0,0.0,0,0,0,0,3,1,2,0,0,0,2,0,0,0,2.981
8,100.18,5.273,1,2,1,0,0,5.3,0.0,0.0,0.0,1.31,3.254,2.5,0.247,0.875,2.672,1.277,2.29,-0.207,7.021,1.939,0.57,1.361,0.562,2.843,0.0,0.0,1.58,1.544,0.567,26.476,2.535,0.0,0.0,29.01,0.0,0.0,7.668,0.0,0.726,-1.0,-4.772,0.0,0.0,0.0,0.0,0.0,0.0,0.0,3,0,0,0,0,7,0,5,0,0,0.0,0.0,0,0,0,0,2,1,0,0,0,0,1,0,0,0,2.08
9,162.25,6.24,7,2,1,0,0,3.8,0.0,0.0,0.0,1.024,3.367,2.299,-0.110592105263,0.492,1.466,1.588,1.588,-0.858,9.91,2.764,0.334,1.438,0.919,0.779,2.075,6.388,1.135,0.502,0.704,26.476,0.0,0.0,0.0,26.476,11.424,0.0,6.371,0.0,0.0,0.493,-1.049,-5.275,0.0,0.0,0.0,0.0,-1.0,-1.185,3,0,1,0,0,9,4,0,0,0,0.0,0.0,0,0,0,0,1,2,0,0,0,0,2,0,0,0,9.086
10,148.27,5.491,6,1,0,0,0,0.0,0.0,0.0,0.0,1.11,0.234,1.871,-0.014,0.531,1.648,1.853,1.705,-0.642,10.435,2.963,0.144,1.496,0.936,0.945,1.994,0.0,1.182,1.446,1.053,35.301,0.0,0.0,0.0,35.301,0.0,0.0,6.371,0.0,0.0,-0.214,-3.0,-6.87,0.0,0.0,0.0,0.0,-1.0,-1.538,4,0,0,0,0,12,4,0,0,0,0.0,0.0,0,0,0,0,0,0,3,0,0,0,0,0,0,0,14.851
11,44.06,6.294,1,0,1,0,0,14.3,0.0,0.0,0.0,1.22,1.806,3.667,1.402,2.042,0.0,1.481,0.0,-0.176,2.158,0.559,0.0,0.402,0.0,0.0,0.0,0.0,1.74,1.871,0.0,8.825,0.0,0.0,0.0,8.825,11.424,0.0,0.0,0.0,1.277,0.0,0.0,0.0,0.0,-1.277,0.0,0.0,0.0,0.0,1,0,0,0,0,0,0,3,0,0,0.0,0.0,0,0,0,0,1,0,0,0,0,0,0,0,0,0,0.101
12,135.18,7.115,7,1,1,1,0,5.3,0.0,0.0,0.0,0.924,2.756,2.433,0.026,0.486,1.435,0.816,0.671,-0.735,6.267,1.725,-0.091,0.966,0.957,1.504,0.652,0.0,1.036,1.415,0.642,8.825,0.0,0.0,0.0,25.611,0.0,0.0,2.757,0.0,0.369,-0.152,-2.0,0.0,0.0,0.15,0.0,0.0,-1.472,-2.0,1,0,1,0,1,0,5,3,0,0,0.0,0.0,0,1,1,1,4,2,1,0,0,0,1,0,0,0,4.135
13,60.06,7.507,1,0,1,0,0,25.0,0.0,0.0,0.0,0.928,2.0,4.167,-1.03,1.592,0.0,0.969,0.0,-0.13,2.72,0.537,0.0,1.095,0.0,0.0,0.0,0.0,1.628,2.271,0.0,8.825,0.0,0.0,0.0,8.825,0.0,0.0,0.91,0.91,1.561,0.0,0.0,0.0,0.0,-0.757,-1.584,0.0,0.0,0.0,1,0,0,0,0,0,0,3,0,0,0.0,0.0,0,1,1,0,2,0,0,0,0,0,0,0,0,0,0.149
14,102.1,7.854,2,2,2,0,0,23.1,0.0,0.0,0.0,0.908,2.811,3.548,0.254,0.875,2.672,1.655,2.355,-0.206,5.11,1.072,1.109,0.72,1.509,1.467,0.0,0.0,1.763,2.055,0.558,17.65,0.0,0.0,0.0,17.65,0.0,0.0,14.383,0.0,1.592,-1.0,-4.772,0.0,0.0,2.112,-0.366,-1.024,0.0,0.0,2,0,0,0,0,0,0,6,0,0,0.0,0.0,0,0,0,0,4,0,0,0,0,0,2,0,0,0,0.207
15,102.1,7.854,2,2,2,0,0,23.1,0.0,0.0,0.0,0.919,2.873,3.833,0.249,0.875,2.672,0.52,1.789,-0.208,4.515,1.129,1.109,1.222,0.644,2.518,0.0,0.0,1.422,1.815,0.238,8.825,2.535,0.0,0.0,11.36,0.0,0.0,8.578,0.91,1.527,-1.0,-4.772,0.0,0.0,2.076,-0.342,-1.029,0.0,0.0,1,0,0,0,0,0,0,5,0,0,0.0,0.0,0,1,1,0,4,0,0,0,0,0,3,0,0,0,0.127
16,58.09,5.809,1,0,1,0,0,10.0,0.0,0.0,0.0,1.204,2.444,3.167,-1.014,1.592,0.0,2.083,0.0,-0.124,3.339,0.908,0.0,1.495,0.0,0.0,0.0,0.0,1.66,2.691,0.0,17.65,0.0,0.0,0.0,17.65,0.0,0.0,5.133,0.0,1.452,0.0,0.0,0.0,0.0,-0.68,-1.498,0.0,0.0,0.0,2,0,0,0,0,0,0,6,0,0,0.0,0.0,0,0,0,0,2,0,0,0,0,0,0,0,0,0,0.041
17,78.5,11.214,1,0,1,0,0,14.3,0.0,0.0,0.0,1.271,2.21,3.694,-1.024,1.592,0.0,1.481,0.0,-0.128,3.299,0.626,0.0,1.495,0.0,0.0,0.0,0.0,0.901,2.244,0.0,8.825,0.0,0.0,0.0,8.825,0.0,0.0,5.449,0.0,1.911,0.0,0.0,0.0,0.0,-0.907,-1.959,0.0,0.0,0.0,1,0,0,0,0,0,0,3,0,0,0.0,0.0,0,0,0,0,2,0,0,0,0,0,0,0,0,0,0.041
18,26.04,6.51,1,0,0,0,0,0.0,0.0,0.0,0.0,1.0,0.0,4.0,-1.498,0.0,0.0,1.5,0.0,-0.607304964539,0.419,0.288,0.0,0.0,0.0,0.0,0.0,0.0,1.0,0.0,0.0,0.0,0.0,0.0,0.0,0.0,0.0,0.0,0.0,0.0,0.0,0.0,0.0,0.0,0.0,0.0,0.0,0.0,0.0,0.0,0,0,0,0,0,0,0,0,0,0,0.0,0.0,0,0,0,0,0,0,0,0,0,0,0,0,0,0,0.489
19,56.07,7.009,2,1,2,0,0,12.5,0.0,0.0,0.0,0.977,2.056,3.5,-1.039,1.089,3.132,0.625,0.0,-0.608,2.149,0.714,0.0,0.884,0.377,0.0,0.0,0.0,1.328,0.86,2.136,0.0,15.767,0.0,0.0,0.0,20.9,0.0,0.0,0.0,0.0,0.0,0.0,0.0,0.0,0.0,0.0,0.0,0.0,0.0,0,0,3,0,0,0,3,0,0,0,3.111,0.0,0,0,0,0,1,1,0,0,0,0,1,0,0,0,0.009
20,72.07,8.008,2,1,2,0,0,22.2,0.0,0.0,0.0,0.843,2.25,3.933,0.682,1.106,3.916,0.222,2.336,-0.342,2.308,0.731,0.0,1.002,0.944,0.0,0.0,0.0,1.225,1.165,1.974,0.0,15.767,0.0,0.0,0.0,9.476,0.0,0.91,0.91,0.718,0.0,0.0,0.0,0.0,0.0,0.0,-1.437,0.0,0.0,0,0,3,0,0,0,3,0,0,0,2.961,0.0,0,1,1,0,2,2,0,0,0,0,2,0,0,0,0.001
21,146.16,7.308,2,5,2,0,0,20.0,0.0,0.0,0.0,1.021,2.897,3.533,-0.047,0.624,1.625,1.4,1.4,-0.607304964539,7.589,1.812,-0.234,1.032,0.913,1.322,0.015,3.239,1.406,1.014,1.001,0.0,10.138,0.0,0.0,10.138,0.0,0.0,11.958,1.82,1.04,-0.705,-2.0,0.0,0.0,2.341,0.0,0.0,-1.703,0.0,0,0,0,0,0,4,0,4,0,0,0.0,0.0,0,2,2,0,4,4,0,0,0,0,4,0,0,0,0.189
22,76.53,8.503,1,0,1,0,0,0.0,0.0,0.0,0.0,1.618,0.957,2.653,-1.02,1.089,3.132,0.797,0.0,-0.422,5.412,0.857,0.0,0.89,0.709,0.0,0.0,0.0,0.925,0.771,1.281,0.0,18.616,0.0,0.0,2.85,48.625,0.0,2.85,0.0,0.687,0.0,0.0,0.0,0.0,0.0,-1.03,0.0,0.0,0.0,1,0,0,0,0,0,5,0,0,0,3.347,0.0,0,0,0,0,0,0,0,0,0,0,0,1,0,0,2.795
23,144.18,7.588,11,0,0,0,0,5.3,0.0,0.0,34.168,0.886,3.371,2.273,-0.110592105263,0.45,1.476,0.711,0.0,-1.125,5.438,1.749,0.322,1.003,1.192,1.502,0.0,0.0,0.758,0.88,1.235,0.0,0.0,0.0,0.0,0.0,0.0,0.0,5.146,0.0,0.0,0.876,-0.48,-5.356,0.0,0.0,0.0,0.0,-1.25,-1.637,0,0,0,0,1,0,7,0,0,0,0.0,0.0,0,0,2,0,2,3,0,0,0,0,3,0,0,0,6.954
24,93.14,6.653,6,0,0,1,0,0.0,0.0,0.0,0.0,0.973,0.979,2.095,-0.148,0.643,2.022,0.34,0.34,-0.592,4.86,1.258,0.992,1.068,1.264,0.178,0.0,0.0,1.11,1.616,0.994,8.825,0.0,0.0,0.0,20.629,16.786,0.0,2.757,0.0,0.0,-1.0,-3.206,0.0,0.0,0.0,0.0,0.0,0.0,0.0,1,0,0,0,0,0,3,3,0,0,0.0,0.0,0,0,0,0,3,1,0,0,0,0,0,0,0,0,0.716
25,93.14,6.653,6,0,0,1,0,0.0,0.0,0.0,0.0,0.943,1.358,2.238,-0.147,0.643,2.022,0.911,0.714,-0.589,4.476,1.19,0.992,1.201,0.994,0.874,0.0,0.0,0.815,1.117,1.09,0.0,0.0,0.0,0.0,0.0,0.0,0.0,2.757,0.0,0.0,-1.0,-3.206,0.0,0.0,0.0,0.0,0.0,0.0,0.0,0,0,0,0,1,0,5,0,0,0,0.0,0.0,0,0,2,0,0,0,0,0,0,0,0,0,0,0,2.268
26,137.15,8.068,7,1,1,1,0,11.8,0.0,0.0,0.0,0.838,3.342,3.0,0.026,0.57,1.869,0.235,0.118,-0.798,4.524,1.421,0.486,1.146,1.231,2.077,0.0,0.0,0.782,0.78,0.969,0.0,0.0,0.0,0.0,0.0,0.0,0.0,6.852,0.91,0.287,-0.243,-2.0,0.0,0.0,0.0,0.0,0.0,-1.619,-2.0,0,0,1,0,1,0,4,0,0,0,0.0,0.0,1,1,3,0,2,2,0,0,0,0,4,0,0,0,2.7
27,161.03,10.735,6,0,0,0,0,0.0,0.0,0.0,0.0,1.17,1.457,2.358,-0.047,0.558,1.764,0.85,0.667,-2.518,9.04,1.045,-1.072,0.953,1.076,2.078,0.0,0.0,0.657,0.519,1.241,0.0,0.0,0.0,0.0,0.0,0.0,0.0,3.186,0.0,0.447,-0.732,-2.0,0.0,0.0,0.0,0.0,0.0,-2.0,0.0,1,0,0,0,0,0,5,0,0,0,0.0,0.0,0,0,0,0,0,0,0,0,0,0,0,4,0,2,12.439
28,106.13,7.581,7,1,1,0,0,7.1,0.0,0.0,0.0,0.913,3.006,2.583,0.084,0.573,1.782,0.768,0.571,-0.918,3.95,1.297,-0.182,1.149,1.009,2.33,0.0,0.0,0.927,0.529,1.368,0.0,0.0,0.0,0.0,0.0,11.424,0.0,3.186,0.0,0.0,-0.757,-2.347,0.0,0.0,0.0,0.0,0.0,0.0,0.0,0,0,1,0,0,0,5,0,0,0,0.0,0.0,0,0,0,0,1,2,0,0,0,0,2,0,0,0,3.129
29,108.15,6.759,6,1,0,0,0,6.3,0.0,0.0,0.0,0.968,2.538,2.396,0.084,0.573,1.782,0.797,0.625,-0.833,5.552,1.615,0.24,1.152,1.08,1.484,0.0,0.0,0.949,0.507,1.174,0.0,0.0,0.0,42.683,0.0,0.0,0.0,3.186,0.0,0.191,-0.757,-2.347,0.0,0.0,0.0,0.0,0.0,0.0,0.0,1,0,0,0,0,0,7,0,0,0,0.0,0.0,0,0,1,0,1,2,0,0,0,0,2,0,0,0,2.532
30,126.59,8.439,6,0,0,0,0,0.0,0.0,0.0,0.0,1.15,1.416,2.16,0.084,0.573,1.782,0.85,0.667,-0.839,6.748,1.324,-0.375,1.076,1.023,1.823,0.0,0.0,0.788,0.617,1.134,0.0,2.85,0.0,0.0,2.85,39.149,0.0,6.035,0.0,0.257,-0.757,-2.347,0.0,0.0,0.0,0.0,0.0,0.0,0.0,1,0,0,0,0,0,7,0,0,0,0.0,0.0,0,0,0,0,0,0,0,0,0,0,0,2,0,1,8.653
31,228.31,6.918,12,2,0,0,0,6.1,0.0,0.0,0.0,0.932,3.296,2.348,-0.110592105263,0.338,0.996,1.743,1.743,-1.207,11.694,3.375,0.231,1.194,1.191,0.237,2.971,1.913,0.917,0.889,0.691,17.65,0.0,0.0,0.0,17.65,0.0,0.0,6.371,0.0,0.076,1.31,2.275,-3.0,-3.066,0.0,0.0,0.0,0.058,-0.865,2,0,0,0,2,6,8,0,0,0,0.0,0.0,0,0,4,6,4,4,4,0,0,0,4,0,0,0,10.928
32,67.81,16.953,0,0,0,0,3,0.0,0.0,0.0,0.0,0.655,1.667,6.333,-1.062,1.592,0.0,0.0,0.0,-0.202,0.087,1.108,0.0,0.988030674847,0.723539877301,0.0,0.0,0.0,2.0,0.0,0.0,0.0,0.0,0.0,0.0,0.0,0.0,0.0,0.0,0.0,0.0,0.0,0.0,0.0,0.0,0.0,0.0,0.0,0.0,0.0,0,0,0,0,0,0,0,0,0,0,0.0,0.0,0,0,0,0,0,0,0,0,0,0,0,0,0,0,0.298
33,123.0,11.182,0,0,0,0,0,0.0,0.0,0.0,0.0,2.596,0.498,1.937,-0.999,1.089,3.132,1.11,0.0,-0.825,14.204,1.231,0.0,0.788,1.014,0.0,0.0,0.0,0.789,0.798,1.554,8.825,4.939,45.954,0.0,13.764,0.0,0.0,4.939,0.0,0.0,0.0,0.0,0.0,0.0,0.0,0.0,0.0,0.0,0.0,2,0,0,0,0,3,2,0,2,0,0.0,0.0,0,0,0,0,0,0,0,0,0,0,0,0,0,0,4.106
34,58.14,4.153,0,1,0,0,0,0.0,0.0,0.0,0.0,1.914,0.181,1.75,-0.995,1.089,3.132,1.965,3.283,-0.607304964539,3.801,1.37,0.0,0.843,0.758,0.0,0.0,0.0,1.75,0.713,1.167,17.65,5.069,0.0,0.0,22.719,0.0,0.0,5.069,0.0,0.0,0.0,0.0,0.0,0.0,0.0,0.0,0.0,0.0,0.0,2,0,0,0,0,10,0,0,0,0,0.0,0.0,0,0,0,0,0,0,0,0,0,0,0,0,0,0,7.447
35,246.34,8.798,4,7,4,0,0,21.4,0.0,0.0,0.0,1.737,3.474,3.345,-0.110592105263,0.576,1.463,1.768,1.768,-0.607304964539,20.001,3.633,-0.072,0.916,1.192,0.962,0.818,1.013,1.945,1.227,1.045,14.381,14.254,0.0,17.091,14.254,15.5,15.5,14.254,0.0,1.023,0.313,-1.206,-3.013,0.0,3.324,0.0,0.0,-0.152,-0.792,0,0,0,2,0,0,10,0,4,2,0.0,0.0,0,0,0,0,2,2,0,0,0,0,6,0,0,0,0.25
36,116.18,5.809,1,4,1,0,0,10.0,0.0,0.0,0.0,1.245,3.096,2.583,-0.147,0.68,1.812,0.775,0.992,-0.362,8.25,1.867,-0.149,0.864,1.056,1.207,1.159,0.0,1.755,1.194,1.046,17.65,9.661,0.0,0.0,27.312,0.0,0.0,16.853,0.0,0.78,-1.0,-2.489,0.0,0.0,0.286,0.0,0.0,0.0,0.0,2,0,0,0,0,5,2,3,2,0,0.0,0.0,0,0,0,0,3,1,1,0,0,0,2,0,0,0,1.886
37,128.19,6.104,2,5,2,0,0,9.5,0.0,0.0,0.0,1.163,3.346,2.63,0.084,0.667,1.787,0.607,0.607,-0.781,8.366,2.033,-0.157,0.834,0.89,1.329,1.031,0.055,1.58,0.71,1.623,8.825,25.428,0.0,0.0,18.487,9.476,0.0,16.853,0.0,0.419,-0.42,-2.417,0.0,0.0,0.0,0.0,0.0,0.0,0.0,1,0,3,0,0,5,5,0,2,0,3.265,0.0,0,0,0,0,3,3,2,0,0,0,4,0,0,0,2.621
38,153.81,30.762,0,0,0,0,0,0.0,0.0,0.0,0.0,1.701,0.715,3.539,0.664,1.553,0.0,0.0,0.0,-0.087,0.914,0.036,0.0,0.0,0.0,0.0,0.0,0.0,2.5,0.0,0.0,0.0,0.0,0.0,0.0,0.0,0.0,0.0,0.0,0.0,1.245,0.0,0.0,0.0,0.0,-0.83,-0.83,-0.83,0.0,0.0,1,0,0,0,0,0,0,0,0,0,0.0,0.0,0,0,0,0,0,0,0,0,0,0,0,0,0,0,4.957
39,94.5,11.813,1,0,1,0,0,25.0,0.0,0.0,0.0,1.187,2.236,4.056,0.677,1.106,3.916,0.625,0.0,-0.259,4.559,0.699,0.0,0.902,0.893,0.0,0.0,0.0,0.805,1.764,0.268,0.0,2.85,0.0,0.0,2.85,39.149,0.0,3.759,0.91,1.454,0.0,0.0,0.0,0.0,0.434,-1.181,-1.727,0.0,0.0,1,0,0,0,0,0,2,0,0,0,0.0,0.0,0,1,0,0,0,2,0,0,0,0,0,0,2,0,0.018
40,112.94,16.134,1,0,1,0,0,14.3,0.0,0.0,0.0,1.445,2.446,3.678,0.676,1.106,3.916,1.088,0.0,-0.255,7.628,0.422,0.0,1.159,0.0,0.0,0.0,0.0,0.631,1.638,0.0,0.0,2.85,0.0,0.0,2.85,39.149,0.0,8.298,0.0,1.714,0.0,0.0,0.0,0.0,0.468,-1.453,-1.975,0.0,0.0,1,0,0,0,0,0,2,0,0,0,0.0,0.0,0,0,0,0,1,1,0,0,0,0,0,0,1,0,0.429
41,86.47,17.294,0,0,0,0,2,0.0,0.0,0.0,0.0,1.091,2.099,5.361,-1.041,1.592,0.0,0.0,0.0,-0.153,2.885,0.532,0.0,0.0,0.0,0.0,0.0,0.0,0.899,0.0,0.0,0.0,0.0,8.43,0.0,8.43,39.149,0.0,0.0,0.0,2.035,0.0,0.0,0.0,0.0,-1.51,-1.543,0.0,0.0,0.0,1,0,0,0,0,0,0,0,0,0,0.0,0.0,0,0,0,0,0,0,0,0,0,4,0,0,0,0,1.86
42,80.52,8.947,0,0,0,0,0,11.1,0.0,0.0,0.0,1.499,0.853,2.778,-1.045,1.089,3.132,1.103,0.0,-0.522,7.965,0.816,0.0,1.602,0.806,0.0,0.0,0.0,1.304,0.416,1.116,10.883,4.907,0.0,11.0,4.907,0.0,0.0,4.907,0.0,0.962,0.0,0.0,0.0,0.0,0.0,-1.443,0.0,0.0,0.0,0,0,0,1,0,0,3,0,0,1,0.0,0.0,0,0,0,0,1,0,0,0,0,0,0,1,0,0,0.12
43,157.56,11.254,7,1,1,1,0,14.3,0.0,0.0,0.0,0.895,3.143,3.144,0.026,0.57,1.869,0.143,0.0,-0.775,0.941,1.02,-0.641,1.055,1.155,2.546,0.0,0.0,0.617,0.651,1.291,6.545,0.0,39.149,0.0,0.0,45.693,0.0,6.257,0.0,0.274,-0.243,-2.0,0.0,0.0,0.0,0.0,0.0,-1.493,-2.0,0,0,0,0,2,0,4,0,0,0,0.0,0.0,0,0,0,0,1,5,0,3,0,0,4,2,0,0,3.78
44,108.53,9.866,1,1,1,0,0,18.2,0.0,0.0,0.0,1.169,2.567,3.685,-0.415,1.088,3.971,0.432,2.634,-0.706,5.227,1.029,0.0,1.187,1.04,0.0,0.0,0.0,0.951,1.091,2.212,8.825,0.0,0.0,0.0,8.825,39.149,0.0,0.91,0.91,1.163,-1.562,0.0,0.0,0.0,0.434,0.0,-1.181,0.0,0.0,1,0,0,0,0,0,1,0,3,0,0.0,0.0,0,1,0,0,0,4,0,0,0,0,2,0,2,0,0.344
45,120.21,5.724,6,1,0,0,0,0.0,0.0,0.0,0.0,1.118,0.204,1.889,-0.047,0.558,1.764,1.346,1.215,-1.636,7.841,2.254,0.083,1.123,1.08,0.972,0.0,0.0,1.111,1.024,1.139,17.65,0.0,0.0,0.0,17.65,0.0,0.0,3.186,0.0,0.0,-0.732,-2.0,0.0,0.0,0.0,0.0,0.0,-2.0,0.0,2,0,0,0,0,7,5,0,0,0,0.0,0.0,0,0,0,0,0,0,0,0,0,0,0,0,0,0,10.62
46,85.07,9.452,2,1,1,1,0,22.2,0.0,0.0,0.0,0.815,2.377,4.111,-0.424,0.882,2.636,0.222,2.465,-0.276,1.898,0.634,0.0,0.99,0.524,0.931,0.0,0.0,1.145,1.879,0.052,0.0,2.535,0.0,0.0,33.594,0.0,0.0,3.444,0.91,1.916,-1.675,0.0,0.0,0.0,2.017,-0.675,-1.534,0.0,0.0,0,0,0,0,0,0,0,2,0,0,0.0,7.606,0,1,1,0,3,0,0,0,0,0,2,0,0,0,0.656
47,61.47,20.49,1,0,0,1,0,0.0,0.0,0.0,0.0,1.186,1.085,4.204,1.442,2.042,0.0,0.0,0.0,-0.197,0.672,0.028,0.0,0.0,0.0,0.0,0.0,0.0,0.516,0.0,0.0,0.0,0.0,0.0,0.0,31.059,39.149,0.0,0.0,0.0,2.37,0.0,0.0,0.0,0.0,-2.37,0.0,0.0,0.0,0.0,0,0,0,0,0,0,0,0,0,0,0.0,7.085,0,0,0,0,1,0,0,2,0,0,0,0,0,0,0.101
48,184.41,20.49,6,0,0,3,0,0.0,0.0,0.0,0.0,1.014,1.208,2.926,-0.048,0.595,1.903,1.585,1.585,-0.428,6.402,0.129,0.0,0.564,1.248,0.0,0.0,0.0,0.785,2.037,0.275,0.0,0.0,0.0,0.0,7.929,50.357,0.0,7.929,0.0,0.0,-0.347,-1.583,0.0,0.0,0.0,0.0,0.0,-2.0,0.0,0,0,0,0,0,0,0,0,0,0,0.0,0.0,0,0,0,0,6,0,0,24,0,0,0,6,0,0,5.614
49,84.18,4.677,0,0,0,0,0,0.0,0.0,0.0,0.0,1.5,0.0,1.5,0.247,0.684,2.056,3.252,3.252,-0.607304964539,7.27,2.046,0.0,1.0,0.708,0.0,0.0,0.0,1.417,1.0,0.708,0.0,15.207,0.0,0.0,15.207,0.0,0.0,15.207,0.0,0.0,-1.0,-4.0,0.0,0.0,0.0,0.0,0.0,0.0,0.0,0,6,0,0,0,12,0,0,0,0,0.0,0.0,0,0,0,0,0,0,0,0,0,0,0,0,0,0,9.76
50,100.18,5.273,0,0,0,0,0,5.3,0.0,0.0,0.0,1.318,2.909,2.119,-0.143,0.643,2.022,1.448,1.158,-0.527,8.417,2.057,0.57,1.056,0.771,1.133,0.0,0.0,1.381,1.052,1.142,0.0,12.673,0.0,42.683,12.673,0.0,0.0,12.673,0.0,0.0,-1.0,-3.206,0.0,0.0,0.0,0.0,0.0,0.0,0.0,0,6,0,0,0,6,1,0,4,0,0.0,0.0,0,0,2,0,2,2,0,0,0,0,2,0,0,0,1.428
51,98.16,5.774,1,0,1,0,0,5.9,0.0,0.0,0.0,1.248,3.463,2.31,-0.144,0.643,2.022,1.294,1.294,-0.444,7.408,1.885,0.0,1.019,0.791,1.733,0.0,0.0,1.33,1.142,1.396,0.0,12.673,0.0,0.0,12.673,0.0,0.0,17.806,0.0,0.622,-1.0,-3.206,0.0,0.0,0.0,0.0,0.0,0.0,0.0,0,5,0,0,0,6,0,4,0,0,0.0,0.0,0,0,0,0,2,2,0,0,0,0,2,0,0,0,1.103
52,84.93,16.986,0,0,0,0,0,0.0,0.0,0.0,0.0,2.405,0.653,3.241,1.386,2.042,0.0,0.0,0.0,-0.18,12.313,0.261,0.0,0.0,0.0,0.0,0.0,0.0,0.576,0.0,0.0,0.0,3.165,0.0,0.0,3.165,0.0,0.0,3.165,0.0,1.2,0.0,0.0,0.0,0.0,-1.2,0.0,0.0,0.0,0.0,1,0,0,0,0,0,0,0,0,0,0.0,0.0,0,0,0,0,0,0,0,0,0,0,0,0,0,0,1.86
53,105.16,5.842,0,4,0,1,0,11.1,0.0,0.0,0.0,1.17,2.149,2.929,0.253,0.666,1.73,1.333,1.565,-0.619,7.414,1.207,0.06,0.817,0.958,1.163,1.529,0.0,1.75,0.742,0.708,0.0,4.211,0.0,85.367,22.222,0.0,0.0,4.211,0.0,0.133,-1.247,-3.414,0.0,0.0,0.0,0.0,0.0,0.0,0.0,2,0,0,0,0,0,8,0,0,0,0.0,0.0,0,0,0,0,0,0,0,0,0,0,0,0,0,0,0.84
54,74.14,4.943,0,2,0,0,0,6.7,0.0,0.0,0.0,1.494,1.333,2.1,0.68,0.853,2.34,1.834,2.482,-0.407,5.42,1.254,0.487,0.617,1.578,0.058,0.0,0.0,2.003,1.689,0.381,17.65,9.185,0.0,11.0,26.835,0.0,0.0,9.185,0.0,0.43,0.0,0.0,0.0,0.0,0.0,0.0,-0.86,0.0,0.0,2,0,0,0,0,0,4,0,6,1,0.0,0.0,0,0,0,0,2,0,0,0,0,0,0,0,0,0,0.64
55,106.14,6.244,0,4,0,0,0,17.6,0.0,0.0,0.0,1.105,2.086,3.071,0.255,0.666,1.73,1.412,1.652,-0.647,7.474,1.193,0.081,0.769,1.105,0.959,1.146,0.0,1.902,0.826,0.467,0.0,9.185,0.0,96.367,9.185,0.0,0.0,9.185,0.0,0.287,-1.247,-3.414,0.0,0.0,0.0,0.0,0.0,0.0,0.0,2,0,0,0,0,0,8,0,0,1,0.0,0.0,0,0,0,0,0,0,0,0,0,0,0,0,0,0,0.84
56,46.08,5.12,0,0,0,0,0,11.1,0.0,0.0,0.0,1.225,0.75,2.5,1.414,2.042,0.0,2.298,0.0,-0.137,2.892,0.482,0.0,2.474,0.0,0.0,0.0,0.0,2.492,0.667,0.0,21.766,0.0,0.0,11.0,0.0,0.0,0.0,0.0,0.0,0.86,0.0,0.0,0.0,0.0,-0.86,0.0,0.0,0.0,0.0,0,0,0,2,0,0,6,0,0,1,0.0,0.0,0,0,0,0,0,0,0,0,0,0,0,0,0,0,0.03
57,132.13,7.772,2,4,2,0,0,23.5,0.0,0.0,0.0,0.878,3.258,3.315,0.085,0.78,2.282,1.501,1.741,-0.472,7.607,1.339,-1.17,1.113,1.377,0.394,0.065,0.0,1.922,1.673,1.442,21.766,2.535,0.0,0.0,2.535,0.0,0.0,16.917,0.0,1.389,-0.567,-2.834,0.0,0.0,2.298,0.405,0.211,0.0,0.0,0,0,0,2,0,0,6,2,0,0,0.0,0.0,0,0,0,0,4,0,0,0,0,0,6,0,0,0,0.003
58,126.15,9.704,2,2,2,0,0,30.8,0.0,0.0,0.0,1.408,2.924,3.702,0.251,1.074,4.096,1.655,2.77,-0.274,7.785,1.232,0.875,2.01,0.83,0.055,0.0,0.0,2.399,0.886,2.514,21.766,0.0,0.0,17.091,0.0,9.454,9.454,0.0,0.0,1.429,-1.391,-4.828,0.0,0.0,0.694,0.0,0.0,0.0,0.0,0,0,0,2,0,0,6,0,0,2,0.0,0.0,0,0,0,0,0,0,0,0,0,0,6,0,0,0,0.263
59,62.15,6.906,0,0,0,0,0,0.0,0.0,0.0,0.0,3.674,0.042,1.944,1.348,2.042,0.0,2.298,0.0,-0.17,7.798,1.243,0.0,1.669,0.0,0.0,0.0,0.0,0.937,2.219,0.0,14.381,0.0,0.0,0.0,0.0,0.0,0.0,32.22,0.0,2.95,0.0,0.0,0.0,0.0,-2.95,0.0,0.0,0.0,0.0,0,0,0,2,0,0,6,0,0,0,0.0,0.0,0,0,0,0,0,0,0,0,0,0,0,0,0,0,0.713
60,78.15,7.815,1,0,1,0,0,10.0,0.0,0.0,0.0,2.949,2.556,3.056,-0.996,1.592,0.0,2.083,0.0,-0.131,9.39,1.474,0.0,1.262,0.0,0.0,0.0,0.0,1.333,2.661,0.0,14.381,0.0,0.0,0.0,0.0,0.0,0.0,0.0,0.0,1.967,0.0,0.0,0.0,0.0,0.0,-2.95,0.0,0.0,0.0,0,0,0,2,0,0,6,0,0,0,0.0,0.0,0,0,0,0,0,0,0,0,0,0,0,0,0,0,0.101
61,87.14,5.809,1,0,1,1,0,6.7,0.0,0.0,0.0,1.093,3.069,2.778,-0.42,1.088,3.971,1.484,2.914,-0.652,5.863,1.038,0.0,1.586,1.246,0.0,0.0,0.0,1.934,1.643,1.799,25.618,3.124,0.0,0.0,11.95,0.0,0.0,4.705,0.0,0.998,-1.562,0.0,0.0,0.0,0.555,-0.4,-0.689,0.0,0.0,1,0,0,2,0,0,6,3,0,0,0.0,0.0,0,0,0,0,2,0,0,0,0,0,2,0,0,0,0.032
62,45.1,4.51,0,0,0,1,0,0.0,0.0,0.0,0.0,1.5,0.25,2.167,1.375,2.042,0.0,2.083,0.0,-0.129,2.647,0.524,0.0,1.295,0.0,0.0,0.0,0.0,2.177,0.744,0.0,16.793,0.0,0.0,0.0,18.011,0.0,0.0,0.0,0.0,0.4,0.0,0.0,0.0,0.0,-0.4,0.0,0.0,0.0,0.0,0,0,0,2,0,0,6,0,0,0,0.0,0.0,0,0,0,0,0,0,0,0,0,0,0,0,0,0,0.03
63,88.12,6.294,0,0,0,0,0,14.3,0.0,0.0,0.0,1.077,1.444,2.167,0.255,0.684,2.056,2.429,2.429,-0.607304964539,7.285,1.217,0.0,0.946,1.16,0.0,0.0,0.0,1.878,1.252,0.081,0.0,18.37,0.0,22.0,18.37,0.0,0.0,18.37,0.0,0.573,-1.0,-4.0,0.0,0.0,0.86,0.0,0.0,0.0,0.0,0,0,0,0,0,0,8,0,0,2,0.0,0.0,0,0,0,0,0,0,0,0,0,0,0,0,0,0,0.224
64,101.22,4.601,0,4,0,1,0,0.0,0.0,0.0,0.0,1.561,0.785,1.786,0.25,0.666,1.73,1.705,1.908,-0.55,7.628,1.947,-0.006,0.89,0.773,0.311,0.222,0.0,1.732,0.931,1.251,17.65,9.28,0.0,0.0,44.942,0.0,0.0,9.28,0.0,0.133,-1.247,-3.414,0.0,0.0,0.0,0.0,0.0,0.0,0.0,2,0,0,0,0,6,4,0,4,0,0.0,0.0,0,0,2,0,0,0,1,0,0,0,0,0,0,0,2.519
65,148.23,5.701,0,5,0,0,0,11.5,0.0,0.0,0.0,1.152,2.555,2.467,-0.047,0.7,1.932,1.087,0.702,-2.708,11.577,2.199,-0.223,1.091,1.179,0.787,0.686,0.68,1.904,0.939,0.996,28.533,4.592,0.0,64.683,22.243,0.0,0.0,4.592,0.0,0.382,0.0,-2.373,0.0,0.0,0.86,0.0,0.0,-1.434,0.0,3,0,0,1,0,0,9,0,6,2,0.0,0.0,0,0,0,1,2,2,0,0,0,0,2,0,0,0,0.05
66,393.4,7.868,5,16,5,3,0,20.0,0.0,0.0,0.0,0.895,3.965,3.438,-0.110592105263,0.667,1.823,2.353,1.832,-0.878,20.005,3.558,-0.024,1.271,1.093,1.346,0.706,1.797,1.575,0.982,0.41,0.0,18.951,0.0,0.0,28.324,0.0,0.0,23.501,4.549,1.107,2.115,4.631,-0.661,-2.0,2.384,2.376,2.369,1.057,0.949,0,0,0,0,0,0,18,0,0,0,0.0,0.0,0,5,0,0,0,0,0,0,0,0,0,0,0,0,2.809
67,292.28,8.119,4,11,4,2,0,22.2,0.0,0.0,0.0,0.872,3.555,3.583,-0.110592105263,0.691,1.931,2.111,2.111,-0.607304964539,13.661,2.52,0.07,1.291,1.037,1.502,0.9,2.305,1.552,1.048,0.447,0.0,12.634,0.0,0.0,18.883,0.0,0.0,16.274,3.639,1.178,1.838,3.899,-2.0,-2.0,2.384,2.369,2.369,0.876,0.619,0,0,0,0,0,0,12,0,0,0,0.0,0.0,0,4,0,0,0,0,0,0,0,0,0,0,0,0,1.845
68,92.53,9.253,0,0,0,0,0,10.0,7.833,0.0,0.0,1.286,1.226,2.389,-0.419,0.87,2.983,0.4,2.061,-0.582,6.721,1.043,0.0,0.909,0.791,0.0,0.0,0.0,1.038,0.897,1.239,0.0,7.442,0.0,11.0,7.442,39.149,0.0,7.442,0.0,0.344,-1.776,0.0,0.0,0.0,0.0,0.0,0.0,0.0,0.0,1,1,0,0,0,0,5,0,0,1,0.0,0.0,0,0,0,0,0,1,0,0,0,0,0,1,1,0,0.166
69,88.12,6.294,1,2,1,0,0,14.3,0.0,0.0,0.0,1.142,2.822,2.944,-0.425,0.882,2.636,0.822,1.638,-0.251,5.775,1.168,0.721,0.642,1.722,0.846,0.0,0.0,1.881,1.633,1.555,17.65,4.592,0.0,0.0,22.243,0.0,0.0,11.784,0.0,1.092,-1.675,0.0,0.0,0.0,0.286,0.0,-0.998,0.0,0.0,2,0,0,0,0,0,2,3,3,0,0.0,0.0,0,0,0,0,3,0,0,0,0,0,1,0,0,0,0.344
70,106.18,5.899,6,1,0,0,0,0.0,0.0,0.0,0.0,1.114,0.162,1.896,0.084,0.573,1.782,0.973,0.82,-0.857,6.514,1.894,0.2,1.009,1.211,0.877,0.0,0.0,1.062,0.943,1.268,8.825,2.535,0.0,0.0,11.36,0.0,0.0,5.72,0.0,0.0,-0.757,-2.347,0.0,0.0,0.0,0.0,0.0,0.0,0.0,1,0,0,0,0,5,5,0,0,0,0.0,0.0,0,0,0,0,0,0,0,0,0,0,0,0,0,0,8.653
71,45.1,4.51,0,0,0,1,0,0.0,0.0,0.0,0.0,1.673,0.847,2.5,1.357,2.042,0.0,1.208,0.0,-0.178,2.653,0.645,0.0,0.579,0.0,0.0,0.0,0.0,1.794,1.058,0.0,8.825,35.003,0.0,0.0,43.828,0.0,0.0,2.106,0.0,0.0,0.0,0.0,0.0,0.0,0.0,0.0,0.0,0.0,0.0,2,0,0,0,0,0,2,0,3,0,0.0,0.0,0,0,1,0,0,0,0,0,0,0,0,0,0,0,0.03
72,187.86,23.482,0,0,0,0,0,0.0,0.0,0.0,0.0,3.277,0.451,2.125,-1.003,1.089,3.132,2.0,0.0,-0.607304964539,58.286,0.482,0.0,1.0,0.0,0.0,0.0,0.0,0.526,1.164,0.0,0.0,4.808,91.908,0.0,4.808,0.0,0.0,4.808,0.0,0.0,0.0,0.0,0.0,0.0,0.0,0.0,0.0,0.0,0.0,2,0,0,0,0,0,4,0,0,0,0.0,0.0,0,0,0,0,0,0,0,0,0,0,0,0,0,0,4.957
73,88.07,8.807,1,0,1,0,0,30.0,0.0,12.467,0.0,0.845,2.799,3.111,0.256,0.793,2.803,1.2,1.532,-0.355,4.628,0.787,0.0,1.044,0.946,0.0,0.0,0.0,1.851,0.84,4.85,0.0,9.185,0.0,0.0,9.185,0.0,0.0,18.434,0.0,1.07,-1.618,-4.372,0.0,0.0,0.532,0.0,0.0,0.0,0.0,0,0,0,0,0,0,4,0,0,0,0.0,0.0,0,0,0,0,0,0,0,0,0,0,2,0,0,0,0.474
74,98.96,12.37,0,0,0,0,0,0.0,0.0,0.0,0.0,2.104,0.943,2.806,-1.014,1.089,3.132,2.0,0.0,-0.607304964539,9.289,0.676,0.0,0.865,0.0,0.0,0.0,0.0,0.718,1.129,0.0,0.0,5.699,0.0,0.0,5.699,78.297,0.0,5.699,0.0,0.0,0.0,0.0,0.0,0.0,0.0,0.0,0.0,0.0,0.0,2,0,0,0,0,0,4,0,0,0,0.0,0.0,0,0,0,0,0,0,0,0,0,0,0,0,0,0,3.301
75,118.2,5.373,0,5,0,0,0,9.1,0.0,0.0,0.0,1.315,1.511,2.125,-0.149,0.617,1.574,1.796,1.796,-0.607304964539,9.268,1.862,-0.094,0.723,1.463,0.918,0.091,0.046,2.008,1.481,0.474,17.65,18.37,0.0,22.0,36.02,0.0,0.0,18.37,0.0,0.491,-0.765,-2.449,0.0,0.0,0.86,0.0,0.0,0.0,0.0,2,0,0,0,0,0,8,0,6,2,0.0,0.0,0,0,0,0,2,0,0,0,0,0,0,0,0,0,0.499
76,90.14,5.634,0,3,0,0,0,12.5,0.0,0.0,0.0,1.136,1.157,2.333,-0.431,0.737,1.958,1.844,2.219,-0.607304964539,6.806,1.118,-0.798,1.349,1.057,1.42,0.0,0.0,2.255,1.006,0.284,21.766,9.185,0.0,22.0,9.185,0.0,0.0,9.185,0.0,0.688,-1.732,0.0,0.0,0.0,0.86,0.0,-0.86,0.0,0.0,0,0,0,2,0,0,10,0,0,2,0.0,0.0,0,0,0,0,0,0,0,0,0,0,0,0,0,0,0.007
77,90.14,5.634,0,3,0,0,0,12.5,0.0,0.0,0.0,1.26,2.072,2.667,-0.425,0.737,1.958,0.672,1.172,-1.287,6.584,1.225,-0.005,0.696,1.304,0.677,0.0,0.0,1.952,0.924,0.475,8.825,9.185,0.0,53.683,18.01,0.0,0.0,9.185,0.0,0.344,-1.732,0.0,0.0,0.0,0.0,0.0,0.0,0.0,0.0,2,0,0,0,0,0,6,0,3,1,0.0,0.0,0,0,0,0,1,0,0,0,0,0,0,0,0,0,0.007
78,44.06,6.294,0,0,0,0,0,14.3,3.0,0.0,0.0,1.077,1.0,2.167,-1.021,4.5,0.0,1.429,0.0,-0.607304964539,2.647,0.608,0.0,0.0,0.0,0.0,0.0,0.0,1.733,0.0,0.0,0.0,9.185,0.0,11.0,9.185,0.0,0.0,9.185,0.0,0.573,0.0,0.0,0.0,0.0,0.0,-0.86,0.0,0.0,0.0,0,0,0,0,0,0,4,0,0,1,0.0,0.0,0,0,0,0,0,0,0,0,0,0,0,0,0,0,0.319
79,60.12,5.01,0,1,0,2,0,0.0,0.0,0.0,0.0,1.316,0.903,2.75,-1.014,1.089,3.132,1.667,3.057,-0.607304964539,3.868,0.653,0.0,0.771,0.419,0.0,0.0,0.0,1.61,0.672,1.145,0.0,70.006,0.0,0.0,70.006,0.0,0.0,4.211,0.0,0.0,0.0,0.0,0.0,0.0,0.0,0.0,0.0,0.0,0.0,2,0,0,0,0,0,4,0,0,0,0.0,0.0,0,0,0,0,0,0,0,0,0,0,0,0,0,0,1.109
80,46.03,9.206,1,0,1,0,0,40.0,0.0,0.0,0.0,0.741,1.361,5.0,1.456,2.042,0.0,0.929,0.0,-0.19,1.251,0.158,0.0,0.494,0.0,0.0,0.0,0.0,1.778,1.084,0.0,0.0,0.0,0.0,0.0,0.0,0.0,0.0,0.0,7.201,1.437,0.0,0.0,0.0,0.0,-1.437,0.0,0.0,0.0,0.0,0,0,0,0,0,0,0,0,0,0,0.0,0.0,0,1,0,0,0,0,0,0,0,0,0,0,0,0,1.056
81,92.11,6.579,0,2,0,0,0,21.4,0.0,0.0,0.0,1.024,2.167,3.722,-0.415,0.955,3.135,1.0,2.217,-0.533,5.759,0.932,0.72,1.035,0.631,0.733,0.0,0.0,1.647,0.818,1.097,0.0,0.0,0.0,128.05,0.0,0.0,0.0,0.0,0.0,0.0,-1.618,0.0,0.0,0.0,0.0,0.0,0.0,0.0,0.0,2,0,0,0,0,0,5,0,0,0,0.0,0.0,1,0,0,0,0,0,0,0,0,0,2,0,0,0,1.876
82,75.08,7.508,1,1,1,1,0,20.0,0.0,0.0,0.0,0.892,2.243,4.033,0.677,1.106,3.916,0.4,2.525,-0.251,3.418,0.517,0.0,0.933,0.746,0.0,0.0,0.0,1.423,1.16,1.766,0.0,35.003,0.0,0.0,35.003,0.0,0.0,3.016,0.91,1.267,0.0,0.0,0.0,0.0,0.159,-0.923,-1.61,0.0,0.0,1,0,0,0,0,0,2,0,0,0,0.0,0.0,0,1,0,0,0,0,0,0,0,0,0,0,0,0,11.813
83,58.04,9.673,2,1,2,0,0,33.3,0.0,0.0,0.0,0.805,1.806,4.5,-1.053,1.089,3.132,1.528,0.0,-0.607304964539,1.246,0.452,0.0,0.462,0.0,0.0,0.0,0.0,1.488,1.089,0.0,0.0,0.0,0.0,0.0,0.0,22.848,0.0,0.0,0.0,0.0,0.0,0.0,0.0,0.0,0.0,0.0,0.0,0.0,0.0,0,0,2,0,0,0,0,0,0,0,0.0,0.0,0,0,0,0,0,0,0,0,0,0,0,0,0,0,1.705
84,138.02,17.252,0,0,0,0,6,0.0,0.0,0.0,0.0,0.593,2.437,6.312,-0.110592105263,1.201,4.976,2.689,0.0,-0.607304964539,0.508,0.784,0.0,0.0,0.0,0.0,0.0,0.0,2.0,0.0,0.0,0.0,0.0,15.519,0.0,15.519,0.0,0.0,0.0,0.0,1.726,-1.0,-3.0,0.0,0.0,3.02,0.0,-1.51,0.0,0.0,2,0,0,0,0,0,0,0,0,0,0.0,0.0,0,0,0,0,0,0,0,0,0,0,0,0,0,0,4.957
85,110.12,7.866,6,0,0,0,0,14.3,0.0,0.0,0.0,0.851,2.646,2.917,0.083,0.597,1.848,1.571,1.571,-0.607304964539,3.619,1.337,-1.509,1.213,1.054,0.021,0.0,0.0,0.797,1.186,1.242,0.0,0.0,0.0,0.0,0.0,0.0,0.0,0.0,0.0,0.0,-1.0,-3.0,0.0,0.0,0.0,0.0,0.0,0.0,0.0,0,0,0,0,2,0,4,0,0,0,0.0,0.0,0,0,4,0,4,4,0,0,0,0,4,0,0,0,0.798
86,68.09,7.566,5,0,0,2,0,0.0,0.0,9.167,0.0,0.856,0.667,2.3,-0.429,0.92,3.125,0.0,0.0,-0.607304964539,2.938,0.437,0.0,1.279,0.0,0.0,0.0,0.0,1.197,1.217,0.0,0.0,0.0,0.0,0.0,34.452,16.786,0.0,0.0,0.0,0.0,-1.618,0.0,0.0,0.0,0.0,0.0,0.0,0.0,0.0,0,0,0,0,0,0,0,0,0,0,0.0,0.0,0,1,0,0,0,0,0,0,0,0,0,0,0,0,0.134
87,116.18,5.809,1,3,1,0,0,10.0,0.0,0.0,0.0,1.183,3.126,2.625,-0.146,0.755,2.125,1.213,1.645,-0.656,8.264,1.867,-0.775,1.273,0.539,0.704,0.0,0.0,1.755,1.2,0.942,26.476,4.592,0.0,0.0,31.068,0.0,0.0,11.784,0.0,0.78,-1.0,-2.606,0.0,0.0,0.286,0.0,0.0,0.0,0.0,3,0,0,0,0,6,2,3,1,0,0.0,0.0,0,0,0,0,3,2,0,0,0,0,3,0,0,0,1.886
88,86.2,4.31,0,2,0,0,0,0.0,0.0,0.0,0.0,1.662,0.253,1.722,-0.412,0.882,2.636,1.313,2.294,-0.246,6.409,2.067,0.429,1.206,0.704,1.005,0.0,0.0,1.667,1.238,0.54,26.476,5.069,0.0,0.0,31.545,0.0,0.0,5.069,0.0,0.0,-1.675,0.0,0.0,0.0,0.0,0.0,0.0,0.0,0.0,3,0,0,0,0,14,0,0,0,0,0.0,0.0,0,0,0,0,0,0,0,0,0,0,0,0,0,0,12.363
89,60.11,5.009,0,0,0,0,0,8.3,0.0,0.0,0.0,1.413,2.056,2.833,-1.0,1.592,0.0,1.758,0.0,-0.12,4.124,0.991,0.0,1.174,0.0,0.0,0.0,0.0,1.768,1.829,0.0,17.65,0.0,0.0,42.683,17.65,0.0,0.0,0.0,0.0,0.0,0.0,0.0,0.0,0.0,0.0,0.0,0.0,0.0,0.0,2,0,0,0,0,0,1,0,6,0,0.0,0.0,0,0,2,0,2,0,0,0,0,0,0,0,0,0,0.12
90,102.15,6.009,1,2,1,0,0,11.8,0.0,0.0,0.0,1.149,3.032,2.786,0.252,0.875,2.672,1.31,2.031,-0.213,7.047,1.519,0.675,0.926,1.025,1.433,0.0,0.0,1.805,1.533,0.819,26.476,0.0,0.0,0.0,26.476,0.0,0.0,7.191,0.0,0.91,-1.0,-4.772,0.0,0.0,0.286,0.0,0.0,0.0,0.0,3,0,0,0,0,0,1,3,6,0,0.0,0.0,0,0,0,0,4,0,0,0,0,0,1,0,0,0,0.991
91,59.13,4.548,0,0,0,1,0,0.0,0.0,0.0,0.0,1.488,1.111,2.333,-0.997,1.592,0.0,1.785,0.0,-0.122,4.035,1.001,0.0,1.316,0.0,0.0,0.0,0.0,1.692,1.793,0.0,17.65,32.897,0.0,0.0,50.548,0.0,0.0,0.0,0.0,0.0,0.0,0.0,0.0,0.0,0.0,0.0,0.0,0.0,0.0,2,0,0,0,0,0,1,0,6,0,0.0,0.0,0,0,2,0,0,0,0,0,0,0,0,0,0,0,0.12
92,90.09,7.508,1,1,1,0,0,25.0,0.0,0.0,0.0,0.931,2.449,4.0,-0.414,1.088,3.971,0.396,2.487,-0.684,4.381,0.875,0.0,1.081,0.791,0.0,0.0,0.0,1.511,0.985,1.752,8.825,0.0,0.0,42.683,8.825,0.0,0.0,0.91,0.91,1.08,-1.562,0.0,0.0,0.0,0.288,0.0,-1.052,0.0,0.0,1,0,0,0,0,0,1,0,3,0,0.0,0.0,0,1,1,0,1,2,0,0,0,0,2,0,0,0,0.494
93,98.06,10.896,3,0,3,0,0,33.3,0.0,15.767,0.0,0.74,2.924,3.548,-0.147,0.706,2.393,0.889,0.889,-0.607304964539,0.85,0.787,0.0,1.114,0.748,0.0,0.0,0.0,1.174,1.527,2.096,0.0,0.0,0.0,0.0,0.0,18.952,0.0,14.383,0.0,0.857,-1.0,-4.473,0.0,0.0,1.07,0.0,0.0,0.0,0.0,0,0,4,0,0,0,2,0,0,0,0.0,0.0,0,0,0,0,4,2,0,0,0,0,4,0,0,0,0.252
94,126.15,8.41,6,0,0,6,0,0.0,0.0,0.0,0.0,0.736,1.137,2.889,-0.048,0.595,1.903,1.985,1.985,-0.45,4.473,0.112,1.478,0.882,1.935,2.236,0.0,0.0,0.981,1.361,0.154,0.0,0.0,0.0,0.0,5.697,50.357,0.0,5.697,0.0,0.0,-0.347,-1.583,0.0,0.0,0.0,0.0,0.0,-2.0,0.0,0,0,0,0,0,0,0,0,0,0,0.0,0.0,3,6,0,0,0,0,0,0,0,0,0,0,0,0,0.0
95,32.06,5.343,0,0,0,2,0,0.0,0.0,0.0,0.0,1.0,0.0,4.0,-1.498,0.0,0.0,2.195,0.0,-0.607304964539,1.302,0.08,0.0,0.0,0.0,0.0,0.0,0.0,1.5,0.0,0.0,0.0,0.0,0.0,0.0,0.0,0.0,0.0,0.0,0.0,0.0,0.0,0.0,0.0,0.0,0.0,0.0,0.0,0.0,0.0,0,0,0,0,0,0,0,0,0,0,0.0,0.0,0,0,0,0,0,0,0,0,0,0,0,0,0,0,4.523
96,86.1,7.175,2,1,2,0,0,16.7,0.0,0.0,0.0,0.919,2.6,3.556,-0.418,1.088,3.971,0.563,2.355,-0.777,3.912,1.067,0.0,1.663,0.71,0.0,0.0,0.0,1.297,0.862,2.003,8.825,15.767,0.0,0.0,8.825,0.0,0.0,4.095,0.91,0.575,-1.562,0.0,0.0,0.0,0.0,0.0,0.0,0.0,0.0,1,0,3,0,0,3,2,0,0,0,3.155,0.0,0,1,1,0,2,4,0,0,0,0,4,0,0,0,0.229
97,96.12,10.68,2,0,2,0,0,33.3,0.0,0.0,0.0,2.079,2.187,4.583,0.649,1.553,0.0,1.103,0.0,-0.096,8.417,1.203,0.0,0.93,0.0,0.0,0.0,0.0,1.934,1.946,0.0,7.19,0.0,0.0,39.096,0.0,1.339,1.339,0.0,1.339,1.462,0.0,0.0,0.0,0.0,0.0,0.0,-2.925,0.0,0.0,0,0,0,1,0,0,3,0,0,0,0.0,0.0,0,2,0,0,0,0,0,0,0,0,0,0,0,0,2.449
98,32.05,5.342,0,0,0,0,0,16.7,0.0,0.0,0.0,1.342,1.0,4.0,-1.498,0.0,0.0,1.654,0.0,-0.235,1.551,0.2,0.0,0.0,0.0,0.0,0.0,0.0,2.353,0.0,0.0,4.602,0.0,0.0,42.683,0.0,0.0,0.0,0.0,0.0,0.0,0.0,0.0,0.0,0.0,0.0,0.0,0.0,0.0,0.0,1,0,0,1,0,0,3,0,0,0,0.0,0.0,0,0,0,0,0,0,0,0,0,0,0,0,0,0,0.663
99,86.1,7.175,2,2,2,0,0,16.7,0.0,0.0,0.0,0.908,2.84,3.194,-0.428,0.955,3.135,0.563,1.758,-0.631,4.468,1.021,0.956,1.06,1.227,0.051,0.0,0.0,1.645,1.059,2.643,10.883,15.767,0.0,0.0,0.0,9.476,0.0,7.191,0.0,0.67,-1.618,0.0,0.0,0.0,0.0,0.0,0.0,0.0,0.0,0,0,3,1,0,0,6,0,0,0,3.157,0.0,0,0,0,0,2,2,0,0,0,0,3,0,0,0,0.229
100,72.12,5.548,1,1,1,0,0,7.7,0.0,0.0,0.0,1.324,2.812,2.833,0.668,1.106,3.916,0.885,2.724,-0.254,4.548,1.253,0.0,1.046,1.041,0.0,0.0,0.0,1.62,1.853,1.415,17.65,2.535,0.0,0.0,20.185,0.0,0.0,7.668,0.0,1.089,0.0,0.0,0.0,0.0,0.0,-0.68,-1.498,0.0,0.0,2,0,0,0,0,3,0,5,0,0,0.0,0.0,0,0,0,0,2,1,0,0,0,0,1,0,0,0,0.429
101,60.06,7.507,1,1,1,0,0,25.0,0.0,0.0,0.0,0.88,1.951,3.625,-1.065,1.089,3.132,0.969,0.0,-0.69,3.431,0.442,0.0,2.003,0.453,0.0,0.0,0.0,2.256,0.666,2.068,10.883,0.0,0.0,0.0,0.0,0.0,0.0,0.0,0.0,1.116,0.0,0.0,0.0,0.0,0.0,-1.674,0.0,0.0,0.0,0,0,0,1,0,0,3,0,0,0,0.0,0.0,0,0,0,0,0,0,0,0,0,0,1,0,0,0,0.149
102,141.94,28.388,0,0,0,0,0,0.0,0.0,0.0,0.0,7.606,0.03,2.06,-1.39,0.0,0.0,0.0,0.0,-0.327,71.685,0.144,0.0,0.0,0.0,0.0,0.0,0.0,0.501,0.0,0.0,7.299,0.0,56.782,0.0,0.0,0.0,0.0,0.0,0.0,0.0,0.0,0.0,0.0,0.0,0.0,0.0,0.0,0.0,0.0,1,0,0,1,0,0,3,0,0,0,0.0,0.0,0,0,0,0,0,0,0,0,0,0,0,0,0,0,1.86
103,88.17,4.898,0,1,0,0,0,5.6,0.0,0.0,0.0,1.267,1.437,2.125,-0.417,1.203,5.184,2.113,3.239,-0.165,6.926,1.617,0.0,1.732,0.938,0.0,0.0,0.0,1.904,2.464,0.437,37.359,0.0,0.0,11.0,26.476,0.0,0.0,0.0,0.0,0.344,-1.514,0.0,0.0,0.0,0.0,0.0,0.0,0.0,0.0,3,0,0,1,0,0,3,0,9,1,0.0,0.0,0,0,0,0,3,0,0,0,0,0,0,0,0,0,1.463
104,118.15,6.564,1,4,1,0,0,16.7,0.0,0.0,0.0,1.014,3.268,2.833,-0.149,0.734,2.049,0.751,0.982,-0.618,8.178,1.421,-0.399,1.191,1.127,0.372,0.083,0.0,2.013,1.367,1.679,21.766,7.127,0.0,11.0,7.127,0.0,0.0,14.318,0.0,1.025,-1.0,-2.906,0.0,0.0,0.86,0.286,0.0,0.0,0.0,0,0,0,2,0,0,8,2,0,1,0.0,0.0,0,0,0,0,3,0,0,0,0,0,4,0,0,0,0.026
105,31.07,4.439,0,0,0,1,0,0.0,0.0,0.0,0.0,1.732,0.5,3.0,-1.445,0.0,0.0,1.767,0.0,-0.206,1.368,0.273,0.0,0.0,0.0,0.0,0.0,0.0,2.095,0.0,0.0,8.396,32.897,0.0,0.0,32.897,0.0,0.0,0.0,0.0,0.0,0.0,0.0,0.0,0.0,0.0,0.0,0.0,0.0,0.0,1,0,0,1,0,0,3,0,0,0,0.0,0.0,0,0,0,0,0,0,0,0,0,0,0,0,0,0,0.663
106,50.49,10.098,0,0,0,0,0,0.0,0.0,0.0,0.0,3.402,0.528,3.056,-1.448,0.0,0.0,0.0,0.0,-0.263,6.51,0.469,0.0,0.0,0.0,0.0,0.0,0.0,0.884,0.0,0.0,9.14,0.0,0.0,0.0,0.0,39.149,0.0,0.0,0.0,0.0,0.0,0.0,0.0,0.0,0.0,0.0,0.0,0.0,0.0,1,0,0,1,0,0,3,0,0,0,0.0,0.0,0,0,0,0,0,0,0,0,0,0,0,0,0,0,0.713
107,98.21,4.677,0,0,0,0,0,0.0,0.0,0.0,0.0,1.455,0.36,1.548,-0.144,0.643,2.022,1.536,1.274,-0.495,8.575,2.386,0.5,1.143,0.833,0.397,0.0,0.0,1.429,1.101,0.916,8.825,12.673,0.0,0.0,21.498,0.0,0.0,12.673,0.0,0.0,-1.0,-3.206,0.0,0.0,0.0,0.0,0.0,0.0,0.0,1,5,0,0,0,14,0,0,0,0,0.0,0.0,0,0,0,0,0,0,0,0,0,0,0,0,0,0,12.092
108,99.15,6.197,1,0,1,1,0,6.3,0.0,15.767,0.0,1.091,3.5,2.452,-0.145,0.741,2.704,0.672,0.672,-0.793,7.341,1.368,0.0,1.213,1.045,0.0,0.0,0.0,1.559,1.105,2.185,8.396,10.299,0.0,0.0,10.299,0.0,0.0,11.879,0.0,0.713,-1.191,-4.183,0.0,0.0,0.555,0.0,0.0,0.0,0.0,0,2,0,1,0,0,5,2,2,0,0.0,0.0,0,0,0,0,3,1,0,0,0,0,3,0,0,0,0.039
109,73.11,6.093,1,0,1,1,0,8.3,0.0,0.0,0.0,1.041,2.431,3.0,0.683,1.106,3.916,1.758,0.0,-0.309,4.648,0.686,0.0,2.14,0.257,0.0,0.0,0.0,2.073,0.695,1.786,16.793,3.124,0.0,0.0,3.124,0.0,0.0,0.0,0.0,0.746,0.0,0.0,0.0,0.0,0.293,-0.4,-1.093,0.0,0.0,0,0,0,2,0,0,6,0,0,0,0.0,0.0,0,0,0,0,0,0,0,0,0,0,2,0,0,0,0.074
110,208.25,9.466,13,1,2,0,0,13.6,0.0,0.0,49.202,1.096,4.002,2.851,-0.110592105263,0.414,1.343,0.705,0.091,-0.971,6.072,2.565,-0.184,0.975,1.154,1.486,1.549,0.0,1.214,0.686,0.985,0.0,0.0,0.0,39.096,0.0,1.339,1.339,6.697,1.339,0.39,1.26,1.775,-3.0,-6.106,0.0,0.0,0.0,-0.618,-0.742,0,0,0,0,1,0,7,0,0,0,0.0,0.0,0,2,0,1,0,6,0,0,0,0,6,0,0,0,3.905
111,123.12,8.794,7,1,1,1,0,14.3,0.0,0.0,0.0,0.833,3.006,3.074,-0.047,0.558,1.764,0.768,0.571,-1.253,3.079,1.153,-1.583,1.109,0.96,2.607,0.0,0.0,0.842,0.539,1.52,6.545,0.0,0.0,0.0,0.0,6.545,0.0,2.757,0.0,0.304,-0.732,-2.0,0.0,0.0,0.0,0.0,0.0,-2.0,0.0,0,0,0,0,1,0,5,0,0,0,0.0,0.0,0,0,0,0,2,6,0,0,0,0,4,0,0,0,1.75
112,109.14,7.276,6,0,0,1,0,6.7,0.0,0.0,0.0,0.877,2.794,2.667,0.083,0.633,2.091,0.267,0.133,-1.869,4.481,1.256,1.11,1.21,1.163,0.661,0.0,0.0,0.764,0.847,1.682,0.0,0.0,0.0,0.0,0.0,0.0,0.0,2.757,0.0,0.0,-0.732,-3.451,0.0,0.0,0.0,0.0,0.0,0.0,0.0,0,0,0,0,2,0,4,0,0,0,0.0,0.0,0,0,2,0,1,2,0,0,0,0,2,0,0,0,1.972
113,140.57,10.041,7,1,1,0,0,7.1,0.0,0.0,0.0,0.973,3.143,2.716,-0.047,0.582,1.894,0.143,0.0,-1.039,2.473,1.062,0.174,1.029,1.299,1.981,0.0,0.0,0.73,0.64,1.268,0.0,0.0,39.149,0.0,0.0,50.573,0.0,6.686,0.0,0.0,-0.316,-1.88,0.0,0.0,0.0,0.0,0.0,-2.0,0.0,0,0,1,0,1,0,4,0,0,0,0.0,0.0,0,0,0,0,1,1,0,0,0,0,2,3,0,0,5.618
114,126.59,8.439,6,0,0,0,0,0.0,0.0,0.0,0.0,1.085,1.598,2.181,0.084,0.633,2.091,0.45,0.317,-1.607,5.215,1.324,0.687,1.095,1.384,0.743,0.0,0.0,0.788,0.926,1.932,8.825,0.0,39.149,0.0,8.825,39.149,0.0,6.686,0.0,0.0,-0.732,-3.451,0.0,0.0,0.0,0.0,0.0,0.0,0.0,1,0,0,0,1,3,4,0,0,0,0.0,0.0,0,0,0,0,0,0,0,0,0,0,0,3,0,0,10.302
115,108.15,6.759,6,0,0,0,0,6.3,0.0,0.0,0.0,0.957,2.919,2.417,0.084,0.633,2.091,0.422,0.297,-1.503,5.401,1.615,0.974,1.228,1.215,0.519,0.0,0.0,0.949,0.97,1.815,8.825,0.0,0.0,0.0,8.825,0.0,0.0,3.186,0.0,0.0,-0.732,-3.451,0.0,0.0,0.0,0.0,0.0,0.0,0.0,1,0,0,0,1,3,4,0,0,0,0.0,0.0,0,0,2,0,2,3,0,0,0,0,3,0,0,0,3.456
116,139.12,9.275,7,1,1,1,0,20.0,0.0,0.0,0.0,0.792,3.067,3.333,0.026,0.57,1.869,0.133,0.0,-0.783,2.725,1.228,-0.394,1.126,1.03,2.068,0.0,0.0,0.784,0.733,1.086,6.545,0.0,0.0,0.0,0.0,6.545,0.0,2.757,0.0,0.274,-0.243,-2.0,0.0,0.0,0.0,0.0,0.0,-1.494,-2.0,0,0,0,0,2,0,4,0,0,0,0.0,0.0,0,0,1,0,2,6,0,0,0,0,6,0,0,0,0.613
117,32.06,5.343,0,0,0,2,0,0.0,0.0,0.0,0.0,1.0,0.0,4.0,-1.498,0.0,0.0,2.195,0.0,-0.607304964539,1.302,0.08,0.0,0.0,0.0,0.0,0.0,0.0,1.5,0.0,0.0,0.0,0.0,0.0,0.0,0.0,0.0,0.0,0.0,0.0,0.0,0.0,0.0,0.0,0.0,0.0,0.0,0.0,0.0,0.0,0,0,0,0,0,0,0,0,0,0,0.0,0.0,0,0,0,0,0,0,0,0,0,0,0,0,0,0,4.523
118,128.56,9.889,6,0,0,0,0,7.7,0.0,0.0,0.0,0.979,2.698,2.681,0.084,0.597,1.848,0.615,0.615,-1.955,2.293,1.092,-2.654,1.17,1.167,0.038,0.0,0.0,0.633,1.2,1.463,0.0,0.0,39.149,0.0,0.0,39.149,0.0,3.501,0.0,0.0,-1.0,-3.0,0.0,0.0,0.0,0.0,0.0,0.0,0.0,0,0,0,0,2,0,4,0,0,0,0.0,0.0,0,0,2,0,2,2,0,0,0,0,2,2,0,0,4.525
119,139.12,9.275,7,1,1,1,0,20.0,0.0,0.0,0.0,0.79,3.036,3.333,0.026,0.525,1.597,0.533,0.533,-0.827,2.725,1.228,0.471,1.204,1.062,1.553,3.296,0.0,0.784,0.747,1.405,6.545,0.0,0.0,0.0,0.0,6.545,0.0,2.757,0.0,0.274,-0.235,-2.0,0.0,0.0,0.0,0.0,0.0,-1.544,-2.0,0,0,0,0,2,0,4,0,0,0,0.0,0.0,0,0,2,0,4,8,0,0,0,0,6,0,0,0,0.613
120,137.15,8.068,7,1,1,1,0,11.8,0.0,0.0,0.0,0.873,3.118,2.933,0.026,0.525,1.597,0.75,0.75,-0.798,5.215,1.505,-0.348,1.29,1.066,1.479,4.684,0.0,0.942,0.525,1.135,15.37,0.0,0.0,0.0,8.825,6.545,0.0,5.942,0.0,0.274,-0.235,-2.0,0.0,0.0,0.0,0.0,0.0,-1.55,-2.0,1,0,0,0,1,3,4,0,0,0,0.0,0.0,0,0,0,0,2,6,0,0,0,0,4,0,0,0,2.81
121,108.16,6.76,6,0,0,2,0,0.0,0.0,0.0,0.0,0.9,1.371,2.417,0.084,0.597,1.848,1.75,1.75,-0.607304964539,5.172,1.17,-1.247,1.335,1.063,0.088,0.0,0.0,0.732,1.145,1.061,0.0,0.0,0.0,0.0,0.0,0.0,0.0,5.513,0.0,0.0,-1.0,-3.0,0.0,0.0,0.0,0.0,0.0,0.0,0.0,0,0,0,0,2,0,4,0,0,0,0.0,0.0,0,0,4,0,0,0,0,0,0,0,0,0,0,0,0.798
122,136.17,6.484,0,4,0,0,0,19.0,0.0,0.0,0.0,1.005,2.497,3.472,0.081,0.998,3.634,2.286,2.951,-0.719,8.965,1.647,0.72,1.609,0.825,1.097,0.0,0.0,1.538,0.67,1.179,0.0,0.0,0.0,170.733,0.0,0.0,0.0,0.0,0.0,0.0,-0.303,-4.828,0.0,0.0,0.0,0.0,0.0,0.0,0.0,4,0,0,0,0,0,8,0,0,0,0.0,0.0,6,0,4,0,4,0,0,0,0,0,12,0,0,0,1.729
123,72.17,4.245,0,2,0,0,0,0.0,0.0,0.0,0.0,1.811,0.212,1.7,0.662,0.853,2.34,1.736,2.703,-0.382,5.042,1.72,0.417,0.881,0.84,0.756,0.0,0.0,1.7,0.767,0.803,17.65,7.604,0.0,0.0,25.254,0.0,0.0,7.604,0.0,0.0,0.0,0.0,0.0,0.0,0.0,0.0,0.0,0.0,0.0,2,0,0,0,0,12,0,0,0,0,0.0,0.0,0,0,0,0,0,0,0,0,0,0,0,0,0,0,9.85
124,288.05,16.944,0,2,0,0,12,0.0,0.0,0.0,0.0,0.613,4.031,6.015,-0.110592105263,1.069,3.667,1.736,2.703,-1.415,2.036,2.085,0.417,0.881,0.84,0.756,0.0,0.0,1.7,0.881,0.84,0.0,0.0,15.519,0.0,15.519,0.0,0.0,0.0,0.0,1.321,1.228,-3.0,-3.0,-6.542,3.02,1.51,1.51,0.51,0.51,2,0,0,0,0,0,0,0,0,0,0.0,0.0,0,0,0,0,0,0,0,0,0,0,0,0,0,0,17.665
125,94.12,7.24,6,0,0,0,0,7.7,0.0,0.0,0.0,0.915,2.632,2.524,-0.147,0.643,2.022,0.827,0.615,-0.579,3.792,1.257,1.131,1.13,0.984,1.193,0.0,0.0,0.853,1.118,1.252,0.0,0.0,0.0,0.0,0.0,0.0,0.0,0.0,0.0,0.0,-1.0,-3.206,0.0,0.0,0.0,0.0,0.0,0.0,0.0,0,0,0,0,1,0,5,0,0,0,0.0,0.0,0,0,2,0,2,2,0,0,0,0,2,0,0,0,2.268
126,136.16,7.564,7,2,1,0,0,11.1,0.0,0.0,0.0,0.914,3.169,2.783,0.026,0.486,1.435,0.709,0.556,-0.701,5.574,1.769,-0.133,1.158,0.995,1.689,2.135,0.0,0.95,1.079,0.514,0.0,2.535,0.0,0.0,2.535,0.0,0.0,6.63,0.91,0.528,-0.152,-2.0,0.0,0.0,0.242,0.0,0.0,-1.404,-2.0,0,0,0,0,0,0,5,2,0,0,0.0,0.0,0,1,1,1,2,2,0,0,0,0,2,0,0,0,3.117
127,119.13,8.509,8,1,2,1,0,7.1,0.0,0.0,0.0,0.854,2.683,2.685,-0.048,0.507,1.506,0.768,0.571,-0.83,2.967,1.096,-0.868,1.044,1.026,2.504,6.575,0.0,0.963,0.415,0.791,0.0,0.0,0.0,0.0,16.786,0.0,0.0,2.757,0.0,0.353,-0.287,-1.828,0.0,0.0,0.0,0.0,0.0,-2.0,0.0,0,0,0,0,1,0,5,0,0,0,0.0,0.0,0,0,0,0,2,2,0,0,0,0,1,0,0,0,2.605
128,98.91,24.727,1,0,1,0,0,25.0,0.0,0.0,0.0,1.338,1.975,4.222,-1.037,1.592,0.0,0.0,0.0,-0.133,2.095,0.018,0.0,0.0,0.0,0.0,0.0,0.0,0.501,0.0,0.0,0.0,0.0,0.0,0.0,0.0,0.0,0.0,5.764,0.0,2.049,0.0,0.0,0.0,0.0,-1.2,-1.874,0.0,0.0,0.0,0,0,0,0,0,0,0,0,0,0,0.0,0.0,0,0,0,0,2,0,0,0,0,0,0,0,0,0,0.041
129,137.32,34.33,0,0,0,0,0,0.0,0.0,0.0,0.0,4.564,0.759,3.352,-1.007,1.592,0.0,0.0,0.0,-0.134,0.026,0.382,0.0,0.0,0.0,0.0,0.0,0.0,2.0,0.0,0.0,0.0,21.747,0.0,0.0,0.0,0.0,0.0,0.0,0.0,0.0,0.0,0.0,0.0,0.0,0.0,0.0,0.0,0.0,0.0,0,0,0,0,0,0,0,0,0,0,0.0,0.0,0,0,0,0,0,0,0,0,0,0,0,0,0,0,1.86
130,208.22,34.703,0,0,0,0,0,0.0,0.0,0.0,0.0,4.564,0.867,3.533,-0.392,1.601,0.0,0.0,0.0,-0.051,0.039,0.471,0.0,0.0,0.0,0.0,0.0,0.0,3.0,0.0,0.0,0.0,0.0,0.0,0.0,0.0,0.0,0.0,0.0,0.0,0.0,-1.0,0.0,0.0,0.0,0.0,0.0,0.0,0.0,0.0,0,0,0,0,0,0,0,0,0,0,0.0,0.0,0,0,0,0,0,0,0,0,0,0,0,0,0,0,4.957
131,153.32,30.664,1,0,1,0,0,20.0,0.0,0.0,0.0,3.834,2.512,4.028,0.65,1.553,0.0,0.0,0.0,-0.097,1.936,0.666,0.0,0.0,0.0,0.0,0.0,0.0,1.787,0.0,0.0,0.0,0.0,0.0,0.0,0.0,8.976,8.976,0.0,0.0,0.0,0.0,0.0,0.0,0.0,0.0,0.0,0.0,0.0,0.0,0,0,0,0,0,0,0,0,0,0,0.0,0.0,0,0,0,0,3,0,0,0,0,0,0,0,0,0,0.041
132,148.12,9.875,8,0,2,0,0,20.0,0.0,17.22,0.0,0.786,3.833,2.924,-0.110592105263,0.474,1.606,0.933,0.933,-0.607304964539,2.281,1.278,-1.758,1.047,1.184,2.38,0.0,0.0,0.918,0.811,1.09,0.0,0.0,0.0,0.0,0.0,0.0,0.0,20.754,0.0,0.5,0.914,-1.284,-6.144,0.0,1.07,0.0,0.0,-0.829,-1.627,0,0,2,0,0,0,4,0,0,0,0.0,0.0,0,0,0,0,4,6,0,0,0,0,8,0,0,0,4.804
133,147.14,9.196,8,0,2,1,0,12.5,0.0,17.22,0.0,0.801,3.928,2.788,-0.110592105263,0.474,1.606,0.375,0.0,-3.057,2.948,1.318,-0.002,1.02,1.261,2.224,0.0,0.0,0.788,0.8,0.995,0.0,0.0,0.0,0.0,16.786,0.0,0.0,11.076,0.0,0.326,0.914,-1.284,-6.144,0.0,0.673,0.0,0.0,-0.895,-1.662,0,0,2,0,0,0,4,0,0,0,0.0,0.0,0,1,1,0,4,6,0,0,0,0,6,0,0,0,4.804
134,85.17,5.01,0,0,0,1,0,0.0,0.0,0.0,0.0,1.354,0.785,1.667,0.249,0.684,2.056,1.294,1.294,-0.95,7.279,1.596,0.0,0.995,0.718,0.0,0.0,0.0,1.488,1.007,0.681,0.0,11.815,0.0,0.0,29.826,0.0,0.0,11.815,0.0,0.133,-1.0,-4.0,0.0,0.0,0.0,0.0,0.0,0.0,0.0,0,3,0,0,0,2,4,0,4,0,0.0,0.0,0,0,2,0,0,0,0,0,0,0,0,0,0,0,0.668
135,162.21,7.373,8,2,2,2,0,4.5,0.0,0.0,0.0,0.88,3.533,2.667,-0.110592105263,0.448,1.293,0.671,0.545,-1.219,6.639,1.744,-0.214,1.199,1.027,0.75,1.483,1.11,0.798,0.842,1.263,0.0,65.794,0.0,0.0,65.794,12.233,0.0,10.647,0.0,0.163,1.0,-0.531,-4.789,0.0,0.0,0.0,0.0,-1.0,-1.294,0,0,3,0,0,0,6,0,0,0,0.0,0.0,0,1,1,3,0,1,0,0,0,0,1,0,0,0,0.57
136,58.09,5.809,1,1,1,0,0,10.0,0.0,0.0,0.0,1.351,2.174,3.125,-1.022,1.089,3.132,1.008,0.0,-0.578,3.333,0.908,0.0,0.71,0.408,0.0,0.0,0.0,1.66,0.977,2.611,8.825,2.535,0.0,0.0,11.36,11.424,0.0,2.535,0.0,0.852,0.0,0.0,0.0,0.0,0.0,-1.277,0.0,0.0,0.0,1,0,0,0,0,3,0,2,0,0,0.0,0.0,0,0,0,0,1,1,0,0,0,0,1,0,0,0,0.041
137,74.09,6.735,1,1,1,0,0,18.2,0.0,0.0,0.0,1.116,2.368,3.633,0.673,1.106,3.916,0.614,2.634,-0.269,4.049,0.895,0.0,0.854,0.849,0.0,0.0,0.0,1.582,1.257,2.178,8.825,2.535,0.0,0.0,11.36,0.0,0.0,3.444,0.91,1.17,0.0,0.0,0.0,0.0,0.0,-0.757,-1.584,0.0,0.0,1,0,0,0,0,3,0,2,0,0,0.0,0.0,0,1,1,0,2,2,0,0,0,0,2,0,0,0,0.018
138,59.13,4.548,0,1,0,1,0,0.0,0.0,0.0,0.0,1.615,1.028,2.25,-1.004,1.089,3.132,0.827,2.797,-0.535,3.874,1.001,0.0,0.83,0.556,0.0,0.0,0.0,1.692,0.736,1.352,8.825,37.537,0.0,0.0,46.363,0.0,0.0,4.64,0.0,0.0,0.0,0.0,0.0,0.0,0.0,0.0,0.0,0.0,0.0,2,0,0,0,0,3,2,0,2,0,0.0,0.0,0,0,1,0,0,0,0,0,0,0,0,0,0,0,0.12
139,42.09,4.677,1,0,1,0,0,0.0,0.0,0.0,0.0,1.478,0.361,2.333,1.367,2.042,0.0,1.103,0.0,-0.166,2.051,0.852,0.0,1.0,0.0,0.0,0.0,0.0,1.5,1.326,0.0,8.825,15.767,0.0,0.0,8.825,9.476,0.0,0.0,0.0,0.0,0.0,0.0,0.0,0.0,0.0,0.0,0.0,0.0,0.0,1,0,0,0,0,3,3,0,0,0,3.361,0.0,0,0,0,0,0,0,0,0,0,0,0,0,0,0,1.486
140,76.11,5.855,0,1,0,0,0,15.4,0.0,0.0,0.0,1.17,2.111,3.367,0.667,1.106,3.916,0.52,2.643,-0.267,5.095,0.963,0.0,1.094,0.403,0.0,0.0,0.0,1.706,1.048,1.035,8.825,0.0,0.0,85.367,8.825,0.0,0.0,0.0,0.0,0.0,0.0,0.0,0.0,0.0,0.0,0.0,0.0,0.0,0.0,2,0,0,0,0,0,3,0,3,0,0.0,0.0,0,0,1,0,1,1,0,0,0,0,1,0,0,0,0.285
141,58.09,5.809,0,0,0,0,0,10.0,5.333,0.0,0.0,1.132,1.208,2.083,0.672,1.543,0.0,0.675,2.336,-0.182,3.805,0.959,0.0,1.024,0.0,0.0,0.0,0.0,1.665,1.298,0.0,8.825,4.592,0.0,11.0,13.418,0.0,0.0,4.592,0.0,0.43,0.0,0.0,0.0,0.0,0.0,0.0,-0.86,0.0,0.0,1,1,0,0,0,0,3,0,3,1,0.0,0.0,0,0,0,0,1,0,0,0,0,0,0,0,0,0,0.002
142,68.09,7.566,5,0,0,2,0,0.0,0.0,9.167,0.0,0.862,0.597,2.3,-0.429,0.92,3.125,0.0,0.0,-0.812,2.82,0.554,0.0,1.168,0.0,0.0,0.0,0.0,1.007,1.317,0.0,0.0,0.0,0.0,0.0,25.71,16.663,0.0,0.0,0.0,0.0,-1.618,0.0,0.0,0.0,0.0,0.0,0.0,0.0,0.0,0,0,0,0,0,0,1,0,0,0,0.0,0.0,0,0,1,0,1,0,0,0,0,0,0,0,0,0,0.134
143,54.031,9.005,0,0,0,0,0,16.7,0.0,0.0,0.0,2.449,0.889,2.315,1.407,2.042,0.0,1.654,0.0,-0.109,2.784,38.904,0.0,3.288,0.0,0.0,0.0,0.0,0.61,0.102,0.0,10.883,0.0,0.0,0.0,0.0,0.0,0.0,0.0,0.0,0.0,0.0,0.0,0.0,0.0,0.0,0.0,0.0,0.0,0.0,1,0,0,1,0,0,3,0,0,1,0.0,0.0,0,0,0,0,0,0,0,0,0,0,0,0,0,0,0.663
144,104.16,6.51,7,1,1,0,0,0.0,0.0,0.0,0.0,0.978,0.631,2.083,0.084,0.573,1.782,0.797,0.625,-0.969,5.033,1.534,0.25,1.034,1.172,0.882,0.0,0.0,0.937,0.715,1.22,0.0,15.767,0.0,0.0,0.0,9.476,0.0,3.186,0.0,0.0,-0.757,-2.347,0.0,0.0,0.0,0.0,0.0,0.0,0.0,0,0,2,0,0,0,8,0,0,0,3.631,0.0,0,0,0,0,0,0,0,0,0,0,0,0,0,0,8.13
145,73.16,4.573,0,0,0,1,0,0.0,0.0,0.0,0.0,1.342,1.354,2.25,0.655,1.553,0.0,2.455,0.0,-0.081,5.511,1.352,0.0,2.066,0.0,0.0,0.0,0.0,1.641,2.48,0.0,26.476,32.897,0.0,0.0,59.373,0.0,0.0,0.0,0.0,0.0,0.0,0.0,0.0,0.0,0.0,0.0,0.0,0.0,0.0,3,0,0,0,0,0,0,0,9,0,0.0,0.0,0,0,3,0,0,0,0,0,0,0,0,0,0,0,0.64
146,165.82,27.637,1,0,1,0,0,0.0,0.0,0.0,0.0,1.511,0.883,3.296,-0.42,1.088,3.971,2.195,0.0,-0.607304964539,4.232,0.076,0.0,0.0,0.0,0.0,0.0,0.0,1.5,0.0,0.0,0.0,0.0,0.0,0.0,0.0,0.0,0.0,7.631,0.0,0.96,-1.562,0.0,0.0,0.0,1.2,0.0,-1.2,0.0,0.0,0,0,0,0,0,0,0,0,0,0,0.0,0.0,0,0,0,0,0,0,0,0,0,0,0,0,0,0,6.047
147,208.37,6.314,0,8,0,0,0,12.1,0.0,0.0,0.0,1.608,1.923,2.207,-0.110592105263,0.846,2.695,2.758,2.911,-0.716,19.031,4.269,-0.207,1.428,2.151,2.214,0.033,0.0,2.153,1.539,2.332,35.301,18.37,0.0,0.0,53.67,0.0,0.0,18.37,0.0,0.0,0.798,-0.656,-5.544,0.0,0.0,0.0,0.0,-0.747,-1.561,4,0,0,0,0,0,8,0,12,4,0.0,0.0,0,0,0,0,4,0,6,0,0,0,12,0,0,0,0.063
148,102.04,12.755,0,0,0,0,4,0.0,0.0,0.0,0.0,0.713,2.41,5.792,-0.401,1.203,5.184,1.594,0.0,-0.208,3.035,0.737,0.0,0.631,0.0,0.0,0.0,0.0,1.988,1.229,0.0,0.0,8.47,7.76,0.0,16.229,0.0,0.0,8.47,0.0,1.208,-1.514,0.0,0.0,0.0,0.0,0.0,-1.51,0.0,0.0,2,0,0,0,0,0,2,0,0,0,0.0,0.0,0,0,0,0,0,0,0,0,0,0,0,0,0,0,3.301
149,72.12,5.548,0,0,0,0,0,7.7,0.0,9.167,0.0,1.246,1.444,1.9,-0.42,0.92,3.125,1.538,1.538,-0.607304964539,6.131,1.305,0.0,1.056,0.0,0.0,0.0,0.0,1.627,1.054,0.0,0.0,14.254,0.0,11.0,14.254,0.0,0.0,14.254,0.0,0.344,-1.618,0.0,0.0,0.0,0.0,0.0,0.0,0.0,0.0,0,2,0,0,0,0,4,0,4,1,0.0,0.0,0,0,0,0,2,0,0,0,0,0,0,0,0,0,0.166
150,92.15,6.143,6,0,0,0,0,0.0,0.0,0.0,0.0,1.033,0.083,1.952,-0.147,0.643,2.022,1.034,0.85,-0.553,5.171,1.527,0.875,1.25,1.016,0.625,0.0,0.0,1.0,1.266,1.043,8.825,0.0,0.0,0.0,8.825,0.0,0.0,3.186,0.0,0.0,-1.0,-3.206,0.0,0.0,0.0,0.0,0.0,0.0,0.0,1,0,0,0,0,3,5,0,0,0,0.0,0.0,0,0,0,0,0,0,0,0,0,0,0,0,0,0,6.802
151,163.38,20.422,1,0,1,0,0,25.0,0.0,0.0,0.0,1.189,2.625,4.036,0.244,1.159,4.656,0.969,0.0,-0.539,9.11,0.464,0.0,1.17,4.019,0.0,0.0,0.0,0.376,0.921,0.993,0.0,0.0,0.0,0.0,0.0,117.446,0.0,0.91,0.91,1.477,-1.0,-6.155,0.0,0.0,1.555,-0.83,-0.83,0.0,0.0,1,0,0,0,0,0,0,0,0,0,0.0,0.0,0,1,0,0,0,6,0,0,0,0,0,0,6,0,0.991
152,117.16,29.29,0,0,0,0,0,0.0,0.0,0.0,0.0,1.964,0.694,3.417,-1.017,1.592,0.0,0.0,0.0,-0.154,0.789,0.131,0.0,0.988030674847,0.723539877301,0.0,0.0,0.0,2.0,0.0,0.0,0.0,0.0,0.0,0.0,0.0,0.0,0.0,0.0,0.0,0.0,0.0,0.0,0.0,0.0,0.0,0.0,0.0,0.0,0.0,0,0,0,0,0,0,0,0,0,0,0.0,0.0,0,0,0,0,0,0,0,0,0,0,0,0,0,0,1.86
153,131.38,21.897,1,0,1,0,0,0.0,0.0,0.0,0.0,1.558,0.846,3.2,0.68,1.106,3.916,1.195,0.0,-0.301,7.455,0.021,0.0,1.61,0.0,0.0,0.0,0.0,0.501,1.173,0.0,0.0,9.791,39.149,0.0,0.0,39.149,0.0,3.816,0.0,0.6,0.0,0.0,0.0,0.0,0.0,0.0,-1.2,0.0,0.0,0,0,0,0,0,0,0,0,0,0,0.0,0.0,0,0,0,0,0,0,0,0,0,0,0,0,0,0,4.332
154,119.37,23.874,0,0,0,0,0,0.0,0.0,0.0,0.0,1.964,0.694,3.417,-1.017,1.592,0.0,0.0,0.0,-0.128,8.292,0.025,0.0,0.0,0.0,0.0,0.0,0.0,0.502,0.0,0.0,0.0,0.0,0.0,0.0,0.0,117.446,0.0,0.0,0.0,1.107,0.0,0.0,0.0,0.0,-0.83,-0.83,0.0,0.0,0.0,1,0,0,0,0,0,0,0,0,0,0.0,0.0,0,0,0,0,0,0,0,0,0,0,0,0,0,0,3.301
155,147.43,13.403,0,0,0,0,0,0.0,0.0,0.0,0.0,1.845,1.275,2.778,-0.415,0.955,3.135,1.405,0.0,-0.54,13.184,0.825,0.0,1.041,0.906,0.0,0.0,0.0,0.664,1.046,1.114,0.0,5.699,0.0,0.0,5.699,117.446,0.0,5.699,0.0,0.0,-1.618,0.0,0.0,0.0,0.0,0.0,0.0,0.0,0.0,2,0,0,0,0,0,5,0,0,0,0.0,0.0,0,0,0,0,0,0,0,0,0,0,0,2,0,0,6.781
156,101.22,4.601,0,3,0,1,0,0.0,0.0,0.0,0.0,1.535,0.375,1.786,0.25,0.899,2.933,2.434,3.029,-1.399,7.837,1.85,0.464,0.846,1.581,0.222,0.0,0.0,1.873,0.933,1.141,26.476,6.317,0.0,0.0,35.917,0.0,0.0,6.317,0.0,0.267,-1.618,-3.791,0.0,0.0,0.0,0.0,0.0,0.0,0.0,3,0,0,0,0,0,6,0,9,0,0.0,0.0,0,0,0,0,3,0,0,0,0,0,0,0,0,0,2.519
157,114.03,14.254,1,0,1,0,3,25.0,0.0,0.0,0.0,0.622,2.579,5.702,0.236,1.159,4.656,0.969,0.0,-0.833,0.971,0.602,0.0,0.893,1.355,0.0,0.0,0.0,1.635,0.306,2.347,0.0,0.0,7.76,0.0,7.76,0.0,0.0,0.91,0.91,1.963,-1.0,-6.155,0.0,0.0,1.892,-1.129,-1.51,0.0,0.0,1,0,0,0,0,0,0,0,0,0,0.0,0.0,0,1,0,0,0,0,0,0,18,0,0,0,0,0,0.134
158,70.02,14.004,0,0,0,0,3,0.0,0.0,0.0,0.0,0.655,1.667,6.333,-1.062,1.592,0.0,0.0,0.0,-0.169,1.869,0.284,0.0,0.0,0.0,0.0,0.0,0.0,2.484,0.0,0.0,0.0,0.0,14.05,0.0,14.05,0.0,0.0,0.0,0.0,2.013,0.0,0.0,0.0,0.0,-1.51,-1.51,0.0,0.0,0.0,1,0,0,0,0,0,0,0,0,0,0.0,0.0,0,0,0,0,0,0,0,0,0,0,0,0,0,0,1.243
159,265.47,14.748,9,3,3,0,0,16.7,0.0,0.0,0.0,0.959,3.852,3.289,-0.110592105263,0.498,1.54,1.585,1.585,-1.935,3.978,0.793,0.281,1.241,1.21,1.627,0.0,0.0,0.586,0.62,1.475,0.0,0.0,0.0,0.0,0.0,0.0,0.0,25.902,0.0,0.774,1.0,2.461,-2.0,-6.0,1.935,1.935,0.0,0.9,-0.524,0,0,3,0,0,0,3,0,0,0,0.0,0.0,0,0,0,0,6,6,3,0,0,0,6,6,0,9,3.789
160,103.93,6.496,0,3,0,0,0,18.8,0.0,0.0,0.0,0.966,1.104,2.548,0.26,0.899,2.933,2.377,3.08,-0.674,7.504,1.424,0.739,0.988030674847,0.723539877301,0.068,0.0,0.0,2.051,0.499,2.766,32.649,0.0,0.0,0.0,0.0,0.0,0.0,0.0,0.0,0.0,-1.618,-3.791,0.0,0.0,0.0,0.0,0.0,0.0,0.0,0,0,0,3,0,0,9,0,0,3,0.0,0.0,0,0,0,0,0,0,0,0,0,0,6,0,0,0,1.876
161,59.13,4.548,0,0,0,1,0,0.0,0.0,0.0,0.0,1.342,0.0,2.0,-1.016,1.592,0.0,2.845,0.0,-0.092,4.028,0.779,0.0,2.486,0.0,0.0,0.0,0.0,2.225,2.167,0.0,25.189,0.0,0.0,0.0,3.124,0.0,0.0,0.0,0.0,0.533,0.0,0.0,0.0,0.0,-0.4,-0.4,0.0,0.0,0.0,0,0,0,3,0,0,9,0,0,0,0.0,0.0,0,0,0,0,0,0,0,0,0,0,0,0,0,0,0.12
162,86.1,7.175,2,2,2,0,0,16.7,0.0,0.0,0.0,0.931,2.75,3.194,-0.429,0.882,2.636,0.563,1.459,-0.249,4.26,1.021,0.956,0.659,1.611,0.762,0.0,0.0,1.645,1.91,1.033,8.825,27.301,0.0,0.0,8.825,0.0,0.0,7.191,0.0,1.092,-1.675,0.0,0.0,0.0,0.286,0.0,-0.998,0.0,0.0,1,0,0,0,0,0,2,3,0,0,3.158,0.0,0,0,0,0,3,0,0,0,0,0,1,0,0,0,0.229
163,62.5,10.417,1,0,1,0,0,0.0,0.0,0.0,0.0,1.594,0.651,3.037,1.392,2.042,0.0,1.195,0.0,-0.174,2.834,0.493,0.0,0.964,0.0,0.0,0.0,0.0,0.784,1.431,0.0,0.0,25.558,39.149,0.0,0.0,39.149,0.0,0.0,0.0,0.0,0.0,0.0,0.0,0.0,0.0,0.0,0.0,0.0,0.0,0,0,0,0,0,0,2,0,0,0,3.127,0.0,0,0,0,0,0,0,0,0,0,0,0,0,0,0,1.486
164,46.05,7.675,1,0,1,0,1,0.0,0.0,0.0,0.0,0.94,2.056,4.333,1.424,2.042,0.0,1.195,0.0,-0.194,1.773,0.538,0.0,0.279,0.0,0.0,0.0,0.0,1.495,1.641,0.0,0.0,31.179,0.0,0.0,0.0,0.0,0.0,0.0,0.0,0.0,0.0,0.0,0.0,0.0,0.0,0.0,0.0,0.0,0.0,0,0,0,0,0,0,2,0,0,0,2.694,0.0,0,0,0,0,0,0,0,0,0,0,0,0,0,0,0.94
165,106.18,5.899,6,0,0,0,0,0.0,0.0,0.0,0.0,1.06,0.12,1.917,0.084,0.633,2.091,1.528,1.528,-0.607304964539,6.483,1.894,0.8,1.275,1.381,0.51,0.0,0.0,1.062,1.1,1.506,17.65,0.0,0.0,0.0,17.65,0.0,0.0,6.371,0.0,0.0,-0.732,-3.451,0.0,0.0,0.0,0.0,0.0,0.0,0.0,2,0,0,0,0,6,4,0,0,0,0.0,0.0,0,0,0,0,0,0,0,0,0,0,0,0,0,0,8.653
