,MW,AMW,nTA,nBM,RBN,nF,N%,O%,D/Dtr05,D/Dtr09,D/Dtr10,MAXDP,X2v,Yindex,IC3,CIC5,ATSC2m,ATSC3m,ATSC1p,GATS6e,P_VSA_LogP_1,P_VSA_LogP_2,P_VSA_LogP_3,P_VSA_LogP_8,P_VSA_MR_3,P_VSA_MR_5,P_VSA_MR_7,P_VSA_v_3,P_VSA_p_4,P_VSA_s_1,P_VSA_s_3,P_VSA_s_5,P_VSA_ppp_D,SpDiam_EA(dm),Chi1_EA(dm),SM13_AEA(dm),SM14_AEA(dm),SM15_AEA(dm),SM02_AEA(ri),SM03_AEA(ri),SM04_AEA(ri),SM05_AEA(ri),SM06_AEA(ri),SM10_AEA(ri),nCp,nCs,H-046,H-047,H-051,H-052,SaaN,SssO,CATS2D_02_AA,CATS2D_02_AL,CATS2D_03_AL,CATS2D_05_AL,CATS2D_04_LL,T(N..Cl),T(O..F),T(O..Cl),T(F..Cl),F01[C-N],F03[C-O],F03[C-Cl],MLOGP2
0,184.5,15.375,6,0,1,5,0.0,8.3,0.0,0.0,0.0,3.588,1.624,2.995,3.252,1.959,5.044,2.83,1.275,0.0,0.0,0.0,2.494,14.055,11.0,14.055,0.0,55.698,0.0,0.0,0.0,0.0,0.0,4.504,4.37,-1.115,-2.0,-2.0,-3.0,-5.192,-6.772,0.0,0.0,0.0,1,0,0,0,0,0,0.0,2.525,0,0,1,0,0,0,11,3,18,0,0,0,3.12
1,60.11,5.009,2,0,1,0,0.0,8.3,0.0,0.0,0.0,1.875,0.724,3.132,2.855,2.786,3.978,3.638,0.991,0.0,8.825,2.535,42.683,0.0,42.683,11.36,0.0,11.36,0.0,0.0,2.535,0.0,42.683,0.0,0.0,0.0,0.0,0.0,0.0,0.0,0.0,0.0,0.0,0.0,2,1,3,2,0,2,0.0,0.0,0,1,1,0,0,0,0,0,0,0,1,0,0.12
2,197.44,15.188,4,6,0,0,0.0,7.7,0.0,0.0,0.0,2.95,2.939,1.909,3.547,0.0,4.696,13.813,0.629,2.423,0.0,0.0,18.952,117.446,0.0,0.0,117.446,146.9,0.0,0.0,10.502,0.0,42.683,0.0,3.619,1.372,-1.167,-1.372,-3.167,-4.372,-4.66,-6.66,0.0,0.0,0,0,0,2,0,0,0.0,0.0,0,1,2,1,1,0,0,12,0,0,2,6,10.982
3,161.03,10.735,2,6,0,0,0.0,0.0,0.0,0.0,0.0,1.514,2.464,1.63,3.24,0.667,5.593,6.777,1.045,3.073,0.0,2.85,37.905,39.149,0.0,2.85,78.297,125.738,0.0,0.0,9.536,0.0,0.0,2.06,5.024,0.868,-0.533,-2.787,-3.0,-4.224,-5.275,0.0,0.0,0.0,1,0,0,6,0,0,0.0,0.0,0,0,0,0,3,0,0,0,0,0,0,4,12.439
4,88.17,4.898,4,0,1,0,0.0,5.6,0.0,0.0,0.0,2.826,2.166,5.184,2.822,2.979,6.777,8.489,1.708,0.0,26.476,2.535,42.683,0.0,42.683,29.01,0.0,29.01,0.0,0.0,2.535,0.0,42.683,0.0,3.488,-3.0,-4.381,0.0,0.0,0.0,0.0,0.0,0.0,0.0,3,1,3,0,0,8,0.0,0.0,0,3,1,0,0,0,0,0,0,0,1,0,1.463
5,138.14,8.634,3,7,1,0,12.5,12.5,0.0,0.0,0.0,3.147,1.816,1.869,3.5,0.125,3.886,5.549,1.147,2.133,6.545,0.0,70.802,0.0,0.0,0.0,6.545,43.418,0.0,0.0,5.513,0.0,32.897,2.393,7.301,2.304,-0.52,-2.0,-2.016,-3.459,-5.184,-6.295,0.0,0.0,0,0,0,4,0,0,0.0,0.0,1,1,4,2,0,0,0,0,0,2,4,0,0.613
6,130.21,5.661,4,1,4,0,0.0,8.7,0.0,0.0,0.0,3.203,2.523,1.821,3.382,1.339,9.505,10.794,2.213,0.798,26.476,7.127,0.0,0.0,0.0,33.603,0.0,40.794,0.0,0.0,14.318,0.0,0.0,4.174,2.837,-0.553,-2.0,-2.0,-3.359,-4.389,0.0,0.0,0.0,0.0,3,1,7,2,3,2,0.0,4.714,1,3,1,1,1,0,0,0,0,0,2,0,2.981
7,100.18,5.273,4,1,2,0,0.0,5.3,0.0,0.0,0.0,3.254,2.3,2.672,2.971,2.29,7.021,8.418,1.939,0.0,26.476,2.535,0.0,0.0,0.0,29.01,0.0,34.144,0.0,0.0,7.668,0.0,0.0,3.677,1.993,-2.0,-2.0,-4.772,0.0,0.0,0.0,0.0,0.0,0.0,3,1,7,0,5,0,0.0,0.0,0,2,1,0,2,0,0,0,0,0,1,0,2.08
8,162.25,6.24,4,7,2,0,0.0,3.8,0.0,0.0,0.0,3.367,3.99,1.466,3.113,1.588,9.91,12.738,2.764,0.379,26.476,0.0,37.905,0.0,0.0,26.476,11.424,82.176,0.0,0.0,6.371,0.0,0.0,0.0,5.882,2.275,0.747,-1.049,-3.0,-3.0,-3.0,-4.021,-5.275,0.0,3,0,9,4,0,0,0.0,0.0,0,1,2,1,7,0,0,0,0,0,2,0,9.086
9,148.27,5.491,4,6,1,0,0.0,0.0,0.0,0.0,0.0,0.234,4.116,1.648,2.902,1.705,10.435,13.222,2.963,0.725,35.301,0.0,37.905,0.0,0.0,35.301,0.0,79.577,0.0,0.0,6.371,0.0,0.0,0.0,7.353,2.275,-0.47,-3.0,-3.0,-3.0,-3.065,-5.275,-6.87,0.0,4,0,12,4,0,0,0.0,0.0,0,0,0,0,8,0,0,0,0,0,0,0,14.851
10,135.18,7.115,2,7,1,0,5.3,5.3,0.0,0.0,0.0,2.756,1.995,1.435,3.432,0.671,6.267,7.958,1.725,1.059,8.825,0.0,47.381,0.0,0.0,25.611,0.0,58.963,0.0,0.0,2.757,0.0,42.683,2.786,8.302,2.136,-0.366,-2.0,-2.294,-2.347,-4.789,-5.18,0.0,0.0,1,0,0,5,3,0,0.0,0.0,1,4,2,2,2,0,0,0,0,2,1,0,4.135
11,102.1,7.854,4,2,2,0,0.0,23.1,0.0,0.0,0.0,2.811,1.085,2.672,2.046,2.355,5.11,5.347,1.072,0.0,17.65,0.0,0.0,0.0,0.0,17.65,0.0,32.033,0.0,0.0,14.383,0.0,0.0,4.612,2.516,-2.0,-2.0,-4.772,0.0,0.0,0.0,0.0,0.0,0.0,2,0,0,0,6,0,0.0,3.972,2,4,0,0,1,0,0,0,0,0,2,0,0.207
12,102.1,7.854,4,2,2,0,0.0,23.1,0.0,0.0,0.0,2.873,1.273,2.672,3.181,1.789,4.515,5.872,1.129,0.0,8.825,2.535,0.0,0.0,0.0,11.36,0.0,17.403,0.0,0.0,8.578,0.0,42.683,4.242,2.637,-2.0,-2.0,-4.772,0.0,0.0,0.0,0.0,0.0,0.0,1,1,0,0,5,0,0.0,0.0,1,4,0,0,0,0,0,0,0,0,3,0,0.127
13,78.5,11.214,3,1,0,0,0.0,14.3,0.0,0.0,0.0,2.21,1.003,0.0,1.326,0.0,3.299,6.159,0.626,0.0,8.825,0.0,0.0,0.0,0.0,8.825,0.0,53.422,0.0,0.0,5.449,0.0,0.0,4.825,1.003,0.0,0.0,0.0,0.0,0.0,0.0,0.0,0.0,0.0,1,0,0,0,3,0,0.0,0.0,0,2,0,0,0,0,0,2,0,0,0,0,0.041
14,26.04,6.51,2,1,0,0,0.0,0.0,0.0,0.0,0.0,0.0,0.0,0.0,0.5,0.0,0.419,0.21,0.288,0.0,0.0,0.0,0.0,0.0,0.0,0.0,0.0,46.642,0.0,0.0,0.0,0.0,0.0,0.0,0.0,0.0,0.0,0.0,0.0,0.0,0.0,0.0,0.0,0.0,0,0,0,0,0,0,0.0,0.0,0,0,0,0,0,0,0,0,0,0,0,0,0.489
15,56.07,7.009,2,2,1,0,0.0,12.5,0.0,0.0,0.0,2.056,0.372,3.132,2.375,0.0,2.149,2.058,0.714,0.0,0.0,15.767,9.476,0.0,0.0,0.0,20.9,36.667,0.0,0.0,0.0,0.0,0.0,0.0,0.0,0.0,0.0,0.0,0.0,0.0,0.0,0.0,0.0,0.0,0,0,0,3,0,0,0.0,0.0,0,1,1,0,0,0,0,0,0,0,1,0,0.009
16,72.07,8.008,3,2,1,0,0.0,22.2,0.0,0.0,0.0,2.25,0.542,3.916,2.948,2.336,2.308,2.868,0.731,0.0,0.0,15.767,9.476,0.0,0.0,0.0,9.476,26.153,0.0,0.0,0.91,0.0,42.683,2.873,1.651,-3.226,0.0,0.0,0.0,0.0,0.0,0.0,0.0,0.0,0,0,0,3,0,0,0.0,0.0,1,2,2,0,0,0,0,0,0,0,2,0,0.001
17,146.16,7.308,4,2,5,0,0.0,20.0,0.0,0.0,0.0,2.897,1.995,1.625,2.922,1.4,7.589,11.562,1.812,1.966,0.0,10.138,0.0,0.0,0.0,10.138,0.0,11.958,0.0,0.0,11.958,0.0,85.367,3.925,3.785,0.636,-1.592,-2.0,-2.0,-3.715,-4.324,0.0,0.0,0.0,0,4,4,0,4,0,0.0,0.0,2,4,4,4,0,0,0,0,0,0,4,0,0.189
18,144.18,7.588,1,11,0,0,0.0,5.3,0.0,0.0,34.168,3.371,2.498,1.476,3.537,0.0,5.438,8.115,1.749,0.799,0.0,0.0,66.334,0.0,0.0,0.0,0.0,71.48,0.0,0.0,5.146,0.0,42.683,0.0,1.163,2.814,1.968,-0.48,-1.478,-2.121,-3.453,-4.585,-5.356,0.0,0,0,0,7,0,0,0.0,0.0,0,2,3,1,5,0,0,0,0,0,3,0,6.954
19,93.14,6.653,1,6,0,0,7.1,0.0,0.0,0.0,0.0,0.979,1.471,2.022,3.468,0.34,4.86,5.266,1.258,0.0,8.825,0.0,28.429,0.0,0.0,20.629,16.786,49.058,0.0,0.0,2.757,0.0,0.0,0.0,1.471,-0.838,-2.347,-3.206,-4.789,0.0,0.0,0.0,0.0,0.0,1,0,0,3,3,0,3.979,0.0,0,3,1,0,1,0,0,0,0,2,0,0,0.716
20,93.14,6.653,1,6,0,0,7.1,0.0,0.0,0.0,0.0,1.358,1.411,2.022,2.896,0.714,4.476,5.536,1.19,0.0,0.0,0.0,80.278,0.0,0.0,0.0,0.0,50.138,0.0,0.0,2.757,0.0,32.897,0.0,2.5,-0.838,-2.347,-3.206,-4.789,0.0,0.0,0.0,0.0,0.0,0,0,0,5,0,0,0.0,0.0,0,0,0,0,0,0,0,0,0,1,0,0,2.268
21,137.15,8.068,3,7,1,0,5.9,11.8,0.0,0.0,0.0,3.342,1.892,1.869,3.852,0.118,4.524,6.309,1.421,1.053,0.0,0.0,70.802,0.0,0.0,0.0,0.0,44.757,0.0,0.0,6.852,0.0,75.581,2.873,5.027,2.304,-0.52,-2.0,-2.016,-3.459,-5.184,-6.295,0.0,0.0,0,0,0,4,0,0,0.0,0.0,1,2,2,2,0,0,0,0,0,1,4,0,2.7
22,161.03,10.735,2,6,0,0,0.0,0.0,0.0,0.0,0.0,1.457,2.808,1.764,3.057,0.667,9.04,4.756,1.045,3.073,0.0,0.0,47.381,0.0,0.0,0.0,0.0,128.864,0.0,0.0,3.186,0.0,0.0,3.211,4.51,2.136,-1.582,-2.0,-2.347,-4.789,-5.459,0.0,0.0,0.0,1,0,0,5,0,0,0.0,0.0,0,0,0,0,4,0,0,0,0,0,0,4,12.439
23,106.13,7.581,1,7,1,0,0.0,7.1,0.0,0.0,0.0,3.006,1.529,1.782,3.039,0.571,3.95,5.219,1.297,3.791,0.0,0.0,47.381,0.0,0.0,0.0,11.424,61.991,0.0,0.0,3.186,0.0,0.0,0.0,0.0,0.604,-1.393,-2.347,-4.096,-4.789,0.0,0.0,0.0,0.0,0,0,0,5,0,0,0.0,0.0,0,1,2,1,0,0,0,0,0,0,2,0,3.129
24,108.15,6.759,1,6,1,0,0.0,6.3,0.0,0.0,0.0,2.538,1.644,1.782,3.203,0.625,5.552,6.561,1.615,1.428,0.0,0.0,90.065,0.0,42.683,0.0,0.0,50.567,0.0,0.0,3.186,0.0,42.683,1.529,5.394,0.604,-1.393,-2.347,-4.096,-4.789,0.0,0.0,0.0,0.0,1,0,0,7,0,0,0.0,0.0,0,1,2,1,0,0,0,0,0,0,2,0,2.532
25,126.59,8.439,1,6,0,0,0.0,0.0,0.0,0.0,0.0,1.416,1.886,1.782,3.057,0.667,6.748,6.252,1.324,2.633,0.0,2.85,47.381,0.0,0.0,2.85,39.149,92.565,0.0,0.0,6.035,0.0,0.0,2.06,4.383,0.604,-1.393,-2.347,-4.096,-4.789,0.0,0.0,0.0,0.0,1,0,0,7,0,0,0.0,0.0,0,0,0,0,2,0,0,0,0,0,0,2,8.653
26,228.31,6.918,4,12,2,0,0.0,6.1,0.0,0.0,0.0,3.296,4.719,0.996,3.302,1.743,11.694,16.452,3.375,0.622,17.65,0.0,75.81,0.0,0.0,17.65,0.0,99.832,0.0,0.0,6.371,0.0,85.367,1.36,17.514,5.477,3.672,2.275,2.275,-0.388,-0.593,-3.0,-3.0,-5.275,2,0,6,8,0,0,0.0,0.0,0,4,4,2,16,0,0,0,0,0,4,0,10.928
27,67.81,16.953,3,0,0,3,0.0,0.0,0.0,0.0,0.0,1.667,0.247,0.0,0.0,0.0,0.087,0.0,1.108,0.0,0.0,0.0,0.0,0.0,0.0,0.0,0.0,0.0,0.0,0.0,0.0,0.0,0.0,0.0,0.0,0.0,0.0,0.0,0.0,0.0,0.0,0.0,0.0,0.0,0,0,0,0,0,0,0.0,0.0,0,0,0,0,0,0,0,0,0,0,0,0,0.298
28,123.0,11.182,2,0,0,0,0.0,0.0,0.0,0.0,0.0,0.498,1.482,3.132,2.349,0.0,14.204,17.552,1.231,0.0,8.825,4.939,0.0,45.954,0.0,13.764,0.0,59.718,0.0,0.0,4.939,45.954,0.0,0.0,0.0,0.0,0.0,0.0,0.0,0.0,0.0,0.0,0.0,0.0,2,1,3,2,0,2,0.0,0.0,0,0,0,0,0,0,0,0,0,0,0,0,4.106
29,246.34,8.798,6,4,7,0,0.0,21.4,0.0,0.0,0.0,3.474,6.047,1.463,3.039,1.768,20.001,22.227,3.633,0.927,14.381,14.254,15.5,0.0,17.091,14.254,15.5,44.134,0.0,15.5,14.254,0.0,0.0,6.648,4.63,2.354,0.697,-1.206,-3.0,-3.0,-3.0,-3.0,-3.013,0.0,0,2,0,10,0,4,0.0,8.857,6,2,2,4,0,0,0,0,0,0,6,0,0.25
30,116.18,5.809,3,1,4,0,0.0,10.0,0.0,0.0,0.0,3.096,1.694,1.812,3.546,0.992,8.25,8.893,1.867,0.894,17.65,9.661,0.0,0.0,0.0,27.312,0.0,34.503,0.0,0.0,16.853,0.0,0.0,4.174,2.837,-0.576,-2.0,-2.489,-4.115,0.0,0.0,0.0,0.0,0.0,2,2,5,2,3,2,0.0,4.643,1,3,1,1,1,0,0,0,0,0,2,0,1.886
31,94.5,11.813,3,1,0,0,0.0,25.0,0.0,0.0,0.0,2.236,0.795,3.916,2.375,0.0,4.559,2.955,0.699,0.0,0.0,2.85,0.0,0.0,0.0,2.85,39.149,42.908,0.0,0.0,3.759,0.0,42.683,4.2,1.638,-3.226,0.0,0.0,0.0,0.0,0.0,0.0,0.0,0.0,1,0,0,2,0,0,0.0,0.0,1,0,2,0,0,0,0,6,0,0,0,0,0.018
32,112.94,16.134,3,1,0,0,0.0,14.3,0.0,0.0,0.0,2.446,1.178,3.916,1.72,0.0,7.628,6.684,0.422,0.0,0.0,2.85,0.0,0.0,0.0,2.85,39.149,86.595,0.0,0.0,8.298,0.0,0.0,4.936,1.424,-3.226,0.0,0.0,0.0,0.0,0.0,0.0,0.0,0.0,1,0,0,2,0,0,0.0,0.0,0,1,1,0,0,0,0,5,0,0,0,0,0.429
33,80.52,8.947,2,0,0,0,0.0,11.1,0.0,0.0,0.0,0.853,0.616,3.132,2.067,0.0,7.965,1.406,0.816,0.0,10.883,4.907,0.0,0.0,11.0,4.907,0.0,54.939,0.0,0.0,4.907,0.0,0.0,2.885,1.386,0.0,0.0,0.0,0.0,0.0,0.0,0.0,0.0,0.0,0,0,0,3,0,0,0.0,4.307,0,1,0,0,0,0,0,2,0,0,0,1,0.12
34,157.56,11.254,3,7,1,0,7.1,14.3,0.0,0.0,0.0,3.143,2.116,1.869,3.664,0.0,0.941,5.382,1.02,3.543,6.545,0.0,37.905,39.149,0.0,0.0,45.693,83.311,0.0,0.0,6.257,0.0,0.0,2.393,5.2,2.304,-0.52,-2.0,-2.016,-3.459,-5.184,-6.295,0.0,0.0,0,0,0,4,0,0,0.0,0.0,1,1,5,2,1,3,0,8,0,1,4,2,3.78
35,108.53,9.866,4,1,1,0,0.0,18.2,0.0,0.0,0.0,2.567,1.609,3.971,3.027,2.634,5.227,10.358,1.029,0.0,8.825,0.0,0.0,0.0,0.0,8.825,39.149,48.884,0.0,0.0,0.91,0.0,42.683,4.2,2.753,-2.0,-4.745,0.0,0.0,0.0,0.0,0.0,0.0,0.0,1,1,0,1,0,3,0.0,0.0,1,0,4,0,0,0,0,6,0,0,2,0,0.344
36,120.21,5.724,2,6,1,0,0.0,0.0,0.0,0.0,0.0,0.204,2.565,1.764,3.046,1.215,7.841,9.347,2.254,0.741,17.65,0.0,47.381,0.0,0.0,17.65,0.0,68.217,0.0,0.0,3.186,0.0,0.0,0.0,2.941,2.136,-1.582,-2.0,-2.347,-4.789,-5.459,0.0,0.0,0.0,2,0,7,5,0,0,0.0,0.0,0,0,0,0,5,0,0,0,0,0,0,0,10.62
37,85.07,9.452,3,2,1,0,11.1,22.2,0.0,0.0,0.0,2.377,0.729,2.636,2.948,2.465,1.898,2.912,0.634,0.0,0.0,2.535,0.0,0.0,0.0,33.594,0.0,20.046,0.0,0.0,3.444,16.602,42.683,5.354,1.71,-2.0,-3.851,0.0,0.0,0.0,0.0,0.0,0.0,0.0,0,1,0,0,2,0,0.0,0.0,1,3,0,0,0,0,0,0,0,1,2,0,0.656
38,61.47,20.49,2,1,0,0,33.3,0.0,0.0,0.0,0.0,1.085,0.254,0.0,0.0,0.0,0.672,0.0,0.028,0.0,0.0,0.0,0.0,0.0,0.0,31.059,39.149,56.065,0.0,0.0,0.0,16.917,0.0,4.74,0.422,0.0,0.0,0.0,0.0,0.0,0.0,0.0,0.0,0.0,0,0,0,0,0,0,0.0,0.0,0,1,0,0,0,2,0,0,0,1,0,0,0.101
39,184.41,20.49,3,6,0,0,33.3,0.0,0.0,0.0,0.0,1.208,2.157,1.903,1.585,1.585,6.402,6.42,0.129,0.0,0.0,0.0,0.0,0.0,0.0,7.929,50.357,125.375,0.0,0.0,7.929,0.0,0.0,0.0,3.846,-0.891,-0.891,-1.583,-4.072,-4.072,-6.0,0.0,0.0,0.0,0,0,0,0,0,0,10.376,0.0,3,6,0,0,3,24,0,0,0,6,0,6,5.614
40,84.18,4.677,0,0,0,0,0.0,0.0,0.0,0.0,0.0,0.0,2.121,2.056,0.918,3.252,7.27,7.829,2.046,0.0,0.0,15.207,0.0,0.0,0.0,15.207,0.0,15.207,0.0,0.0,15.207,0.0,0.0,0.0,0.0,-2.0,-2.0,-4.0,0.0,0.0,0.0,0.0,0.0,0.0,0,6,12,0,0,0,0.0,0.0,0,0,0,0,0,0,0,0,0,0,0,0,9.76
41,100.18,5.273,1,0,0,0,0.0,5.3,0.0,0.0,0.0,2.909,2.292,2.022,2.8,1.158,8.417,10.638,2.057,0.0,0.0,12.673,42.683,0.0,42.683,12.673,0.0,12.673,0.0,0.0,12.673,0.0,42.683,0.0,1.163,-0.838,-2.347,-3.206,-4.789,0.0,0.0,0.0,0.0,0.0,0,6,6,1,0,4,0.0,0.0,0,2,2,0,0,0,0,0,0,0,2,0,1.428
42,98.16,5.774,1,1,0,0,0.0,5.9,0.0,0.0,0.0,3.463,2.099,2.022,2.793,1.294,7.408,9.681,1.885,0.0,0.0,12.673,0.0,0.0,0.0,12.673,0.0,17.806,0.0,0.0,17.806,0.0,0.0,3.677,2.684,-0.838,-2.347,-3.206,-4.789,0.0,0.0,0.0,0.0,0.0,0,5,6,0,4,0,0.0,0.0,0,2,2,0,0,0,0,0,0,0,2,0,1.103
43,46.08,5.12,2,0,0,0,0.0,11.1,0.0,0.0,0.0,0.75,0.408,0.0,0.872,0.0,2.892,1.178,0.482,0.0,21.766,0.0,0.0,0.0,11.0,0.0,0.0,21.766,0.0,0.0,0.0,0.0,0.0,1.72,1.163,0.0,0.0,0.0,0.0,0.0,0.0,0.0,0.0,0.0,0,0,0,6,0,0,0.0,4.25,0,0,0,0,0,0,0,0,0,0,0,0,0.03
44,132.13,7.772,4,2,4,0,0.0,23.5,0.0,0.0,0.0,3.258,1.329,2.282,2.587,1.741,7.607,5.977,1.339,2.652,21.766,2.535,0.0,0.0,0.0,2.535,0.0,38.683,0.0,0.0,16.917,0.0,0.0,4.455,3.472,0.261,-1.252,-2.834,-3.144,-5.153,0.0,0.0,0.0,0.0,0,1,0,6,2,0,0.0,8.366,2,4,0,0,0,0,0,0,0,0,6,0,0.003
45,126.15,9.704,4,2,2,0,0.0,30.8,0.0,0.0,0.0,2.924,2.225,4.096,2.046,2.77,7.785,8.693,1.232,0.0,21.766,0.0,9.454,0.0,17.091,0.0,9.454,31.22,0.0,9.454,0.0,0.0,0.0,7.188,1.901,-3.0,-3.936,-4.828,0.0,0.0,0.0,0.0,0.0,0.0,0,0,0,6,0,0,0.0,7.674,6,0,0,0,0,0,0,0,0,0,6,0,0.263
46,62.15,6.906,2,0,0,0,0.0,0.0,0.0,0.0,0.0,0.042,1.225,0.0,0.872,0.0,7.798,1.252,1.243,0.0,14.381,0.0,0.0,0.0,0.0,0.0,0.0,46.6,0.0,0.0,32.22,0.0,0.0,5.9,0.339,0.0,0.0,0.0,0.0,0.0,0.0,0.0,0.0,0.0,0,0,0,6,0,0,0.0,0.0,0,0,0,0,0,0,0,0,0,0,0,0,0.713
47,78.15,7.815,3,1,0,0,0.0,10.0,0.0,0.0,0.0,2.556,2.225,0.0,1.239,0.0,9.39,3.504,1.474,0.0,14.381,0.0,19.133,0.0,0.0,0.0,0.0,33.513,0.0,0.0,0.0,0.0,0.0,5.9,0.818,0.0,0.0,0.0,0.0,0.0,0.0,0.0,0.0,0.0,0,0,0,6,0,0,0.0,0.0,0,0,0,0,0,0,0,0,0,0,0,0,0.101
48,87.14,5.809,4,1,0,0,6.7,6.7,0.0,0.0,0.0,3.069,1.413,3.971,2.423,2.914,5.863,5.721,1.038,0.0,25.618,3.124,0.0,0.0,0.0,11.95,0.0,30.323,0.0,0.0,4.705,0.0,0.0,3.348,3.752,-2.0,-4.745,0.0,0.0,0.0,0.0,0.0,0.0,0.0,1,0,0,6,3,0,0.0,0.0,1,2,0,0,0,0,0,0,0,3,2,0,0.032
49,45.1,4.51,2,0,0,0,10.0,0.0,0.0,0.0,0.0,0.25,0.5,0.0,1.239,0.0,2.647,1.601,0.524,0.0,16.793,0.0,18.011,0.0,0.0,18.011,0.0,16.793,0.0,0.0,0.0,18.011,18.011,0.8,2.5,0.0,0.0,0.0,0.0,0.0,0.0,0.0,0.0,0.0,0,0,0,6,0,0,0.0,0.0,0,0,0,0,0,0,0,0,0,2,0,0,0.03
50,88.12,6.294,0,0,0,0,0.0,14.3,0.0,0.0,0.0,1.444,1.225,2.056,1.379,2.429,7.285,7.174,1.217,0.0,0.0,18.37,0.0,0.0,22.0,18.37,0.0,18.37,0.0,0.0,18.37,0.0,0.0,1.72,5.614,-2.0,-2.0,-4.0,0.0,0.0,0.0,0.0,0.0,0.0,0,0,0,8,0,0,0.0,9.889,0,0,0,0,0,0,0,0,0,0,0,0,0.224
51,101.22,4.601,2,0,4,0,4.5,0.0,0.0,0.0,0.0,0.785,1.75,1.73,2.754,1.908,7.628,7.761,1.947,0.247,17.65,9.28,18.011,0.0,0.0,44.942,0.0,26.931,0.0,0.0,9.28,18.011,18.011,0.8,7.5,-0.586,-2.0,-3.414,0.0,0.0,0.0,0.0,0.0,0.0,2,2,6,4,0,4,0.0,0.0,0,0,0,0,1,0,0,0,0,2,0,0,2.519
52,148.23,5.701,4,0,5,0,0.0,11.5,0.0,0.0,0.0,2.555,2.373,1.932,3.613,0.702,11.577,13.295,2.199,0.974,28.533,4.592,42.683,0.0,64.683,22.243,0.0,33.126,0.0,0.0,4.592,0.0,42.683,1.72,8.762,0.396,0.0,-2.373,-2.878,-3.498,-4.798,0.0,0.0,0.0,3,2,0,9,0,6,0.0,10.107,0,2,2,1,0,0,0,0,0,0,2,0,0.05
53,393.4,7.868,10,5,16,0,6.0,20.0,0.0,0.0,0.0,3.965,5.666,1.823,3.291,1.832,20.005,28.811,3.558,0.714,0.0,18.951,0.0,0.0,0.0,28.324,0.0,23.501,0.0,0.0,23.501,0.0,213.417,4.004,21.155,5.051,5.051,4.631,4.162,3.989,1.711,0.848,-0.661,-2.0,0,0,0,18,0,0,0.0,0.0,5,0,0,0,0,0,0,0,0,9,0,0,2.809
54,292.28,8.119,8,4,11,0,5.6,22.2,0.0,0.0,0.0,3.555,3.996,1.931,3.059,2.111,13.661,19.776,2.52,0.69,0.0,12.634,0.0,0.0,0.0,18.883,0.0,16.274,0.0,0.0,16.274,0.0,170.733,4.004,13.959,5.051,4.316,3.899,1.279,-0.661,-0.661,-1.704,-2.0,-2.895,0,0,0,12,0,0,0.0,0.0,4,0,0,0,0,0,0,0,0,6,0,0,1.845
55,88.12,6.294,3,1,2,0,0.0,14.3,0.0,0.0,0.0,2.822,0.925,2.636,2.985,1.638,5.775,5.618,1.168,0.0,17.65,4.592,0.0,0.0,0.0,22.243,0.0,29.434,0.0,0.0,11.784,0.0,0.0,4.174,2.837,-2.0,-3.851,0.0,0.0,0.0,0.0,0.0,0.0,0.0,2,0,0,2,3,3,0.0,4.403,1,3,0,0,1,0,0,0,0,0,1,0,0.344
56,106.18,5.899,1,6,1,0,0.0,0.0,0.0,0.0,0.0,0.162,1.839,1.782,3.197,0.82,6.514,7.405,1.894,0.638,8.825,2.535,47.381,0.0,0.0,11.36,0.0,61.927,0.0,0.0,5.72,0.0,0.0,0.0,1.471,0.604,-1.393,-2.347,-4.096,-4.789,0.0,0.0,0.0,0.0,1,1,5,5,0,0,0.0,0.0,0,0,0,0,3,0,0,0,0,0,0,0,8.653
57,45.1,4.51,2,0,0,0,10.0,0.0,0.0,0.0,0.0,0.847,0.408,0.0,2.114,0.0,2.653,1.905,0.645,0.0,8.825,35.003,0.0,0.0,0.0,43.828,0.0,10.931,0.0,0.0,2.106,0.0,32.897,0.0,0.0,0.0,0.0,0.0,0.0,0.0,0.0,0.0,0.0,0.0,2,0,0,2,0,3,0.0,0.0,0,0,0,0,0,0,0,0,0,1,0,0,0.03
58,187.86,23.482,2,0,0,0,0.0,0.0,0.0,0.0,0.0,0.451,1.964,3.132,1.0,0.0,58.286,71.231,0.482,0.0,0.0,4.808,0.0,91.908,0.0,4.808,0.0,96.716,0.0,0.0,4.808,91.908,0.0,0.0,0.0,0.0,0.0,0.0,0.0,0.0,0.0,0.0,0.0,0.0,2,0,0,4,0,0,0.0,0.0,0,0,0,0,0,0,0,0,0,0,0,0,4.957
59,88.07,8.807,1,1,0,0,0.0,30.0,12.467,0.0,0.0,2.799,0.947,2.803,2.122,1.532,4.628,4.253,0.787,0.0,0.0,9.185,0.0,0.0,0.0,9.185,0.0,18.434,0.0,0.0,18.434,0.0,0.0,4.496,3.701,-1.747,-3.78,-4.372,0.0,0.0,0.0,0.0,0.0,0.0,0,0,0,4,0,0,0.0,8.583,3,0,0,0,0,0,0,0,0,0,2,0,0.474
60,98.96,12.37,2,0,0,0,0.0,0.0,0.0,0.0,0.0,0.943,1.134,3.132,1.0,0.0,9.289,14.543,0.676,0.0,0.0,5.699,0.0,0.0,0.0,5.699,78.297,83.996,0.0,0.0,5.699,0.0,0.0,0.0,0.0,0.0,0.0,0.0,0.0,0.0,0.0,0.0,0.0,0.0,2,0,0,4,0,0,0.0,0.0,0,0,0,0,0,0,0,0,0,0,0,0,3.301
61,118.2,5.373,2,0,5,0,0.0,9.1,0.0,0.0,0.0,1.511,1.394,1.574,2.664,1.796,9.268,8.936,1.862,1.52,17.65,18.37,0.0,0.0,22.0,36.02,0.0,36.02,0.0,0.0,18.37,0.0,0.0,1.72,6.296,0.0,-1.12,-2.449,-3.57,0.0,0.0,0.0,0.0,0.0,2,0,0,8,0,6,0.0,10.021,0,2,0,2,0,0,0,0,0,0,0,0,0.499
62,90.14,5.634,2,0,3,0,0.0,12.5,0.0,0.0,0.0,1.157,0.986,1.958,2.156,2.219,6.806,5.275,1.118,0.103,21.766,9.185,0.0,0.0,22.0,9.185,0.0,30.951,0.0,0.0,9.185,0.0,0.0,1.72,3.97,-1.414,-3.162,0.0,0.0,0.0,0.0,0.0,0.0,0.0,0,0,0,10,0,0,0.0,9.314,0,0,0,0,0,0,0,0,0,0,0,0,0.007
63,90.14,5.634,2,0,3,0,0.0,12.5,0.0,0.0,0.0,2.072,0.921,1.958,3.328,1.172,6.584,6.435,1.225,1.133,8.825,9.185,42.683,0.0,53.683,18.01,0.0,18.01,0.0,0.0,9.185,0.0,42.683,1.72,3.148,-1.414,-3.162,0.0,0.0,0.0,0.0,0.0,0.0,0.0,2,0,0,6,0,3,0.0,4.733,0,1,0,1,0,0,0,0,0,0,0,0,0.007
64,44.06,6.294,0,0,0,0,0.0,14.3,0.0,0.0,0.0,1.0,0.612,0.0,1.379,0.0,2.647,0.774,0.608,0.0,0.0,9.185,0.0,0.0,11.0,9.185,0.0,9.185,0.0,0.0,9.185,0.0,0.0,1.72,2.807,0.0,0.0,0.0,0.0,0.0,0.0,0.0,0.0,0.0,0,0,0,4,0,0,0.0,4.5,0,0,0,0,0,0,0,0,0,0,0,0,0.319
65,60.12,5.01,2,0,1,0,16.7,0.0,0.0,0.0,0.0,0.903,0.577,3.132,1.918,3.057,3.868,3.667,0.653,0.0,0.0,70.006,0.0,0.0,0.0,70.006,0.0,4.211,0.0,0.0,4.211,0.0,65.794,0.0,0.0,0.0,0.0,0.0,0.0,0.0,0.0,0.0,0.0,0.0,2,0,0,4,0,0,0.0,0.0,0,0,0,0,0,0,0,0,0,2,0,0,1.109
66,46.03,9.206,2,1,0,0,0.0,40.0,0.0,0.0,0.0,1.361,0.105,0.0,1.393,0.0,1.251,0.852,0.158,0.0,0.0,0.0,0.0,0.0,0.0,0.0,0.0,7.201,0.0,0.0,0.0,0.0,42.683,2.873,0.696,0.0,0.0,0.0,0.0,0.0,0.0,0.0,0.0,0.0,0,0,0,0,0,0,0.0,0.0,1,0,0,0,0,0,0,0,0,0,0,0,1.056
67,75.08,7.508,3,1,1,0,10.0,20.0,0.0,0.0,0.0,2.243,0.598,3.916,2.922,2.525,3.418,4.458,0.517,0.0,0.0,35.003,0.0,0.0,0.0,35.003,0.0,3.016,0.0,0.0,3.016,0.0,75.581,3.984,1.812,-3.226,0.0,0.0,0.0,0.0,0.0,0.0,0.0,0.0,1,0,0,2,0,0,0.0,0.0,1,0,0,0,0,0,0,0,0,1,0,0,11.813
68,58.04,9.673,2,2,1,0,0.0,33.3,0.0,0.0,0.0,1.806,0.272,3.132,1.057,0.0,1.246,1.558,0.452,0.0,0.0,0.0,0.0,0.0,0.0,0.0,22.848,22.848,0.0,0.0,0.0,0.0,0.0,0.0,0.0,0.0,0.0,0.0,0.0,0.0,0.0,0.0,0.0,0.0,0,0,0,0,0,0,0.0,0.0,0,0,0,0,0,0,0,0,0,0,0,0,1.705
69,110.12,7.866,2,6,0,0,0.0,14.3,0.0,0.0,0.0,2.646,1.516,1.848,2.236,1.571,3.619,5.854,1.337,4.238,0.0,0.0,37.905,0.0,0.0,0.0,0.0,37.905,0.0,0.0,0.0,0.0,85.367,0.0,2.326,0.0,-2.275,-3.0,-3.623,-5.275,0.0,0.0,0.0,0.0,0,0,0,4,0,0,0.0,0.0,0,4,4,0,0,0,0,0,0,0,4,0,0.798
70,68.09,7.566,0,5,0,0,22.2,0.0,9.167,0.0,0.0,0.667,0.761,3.125,3.17,0.0,2.938,2.782,0.437,0.0,0.0,0.0,9.047,0.0,0.0,34.452,16.786,26.713,0.0,0.0,0.0,16.786,16.786,0.0,0.0,-3.236,-3.236,0.0,0.0,0.0,0.0,0.0,0.0,0.0,0,0,0,0,0,0,3.667,0.0,0,0,0,0,0,0,0,0,0,4,0,0,0.134
71,116.18,5.809,4,1,3,0,0.0,10.0,0.0,0.0,0.0,3.126,2.196,2.125,3.109,1.645,8.264,9.212,1.867,1.655,26.476,4.592,0.0,0.0,0.0,31.068,0.0,38.259,0.0,0.0,11.784,0.0,0.0,4.174,2.837,-2.0,-2.0,-2.606,-4.507,0.0,0.0,0.0,0.0,0.0,3,0,6,2,3,1,0.0,4.664,1,3,2,2,1,0,0,0,0,0,3,0,1.886
72,86.2,4.31,3,0,2,0,0.0,0.0,0.0,0.0,0.0,0.253,2.183,2.636,3.009,2.294,6.409,6.82,2.067,0.0,26.476,5.069,0.0,0.0,0.0,31.545,0.0,31.545,0.0,0.0,5.069,0.0,0.0,0.0,0.0,-2.0,-3.851,0.0,0.0,0.0,0.0,0.0,0.0,0.0,3,2,14,0,0,0,0.0,0.0,0,0,0,0,2,0,0,0,0,0,0,0,12.363
73,60.11,5.009,3,0,0,0,0.0,8.3,0.0,0.0,0.0,2.056,1.094,0.0,1.827,0.0,4.124,4.157,0.991,0.0,17.65,0.0,42.683,0.0,42.683,17.65,0.0,17.65,0.0,0.0,0.0,0.0,42.683,0.0,1.163,0.0,0.0,0.0,0.0,0.0,0.0,0.0,0.0,0.0,2,1,0,1,0,6,0.0,0.0,0,2,0,0,0,0,0,0,0,0,0,0,0.12
74,102.15,6.009,4,1,2,0,0.0,11.8,0.0,0.0,0.0,3.032,1.658,2.672,2.778,2.031,7.047,7.815,1.519,0.0,26.476,0.0,0.0,0.0,0.0,26.476,0.0,33.667,0.0,0.0,7.191,0.0,0.0,4.174,5.163,-2.0,-2.0,-4.772,0.0,0.0,0.0,0.0,0.0,0.0,3,1,0,1,3,6,0.0,4.611,1,4,0,0,2,0,0,0,0,0,1,0,0.991
75,59.13,4.548,3,0,0,0,7.7,0.0,0.0,0.0,0.0,1.111,1.244,0.0,1.915,0.0,4.035,3.917,1.001,0.0,17.65,32.897,0.0,0.0,0.0,50.548,0.0,17.65,0.0,0.0,0.0,0.0,32.897,0.0,2.5,0.0,0.0,0.0,0.0,0.0,0.0,0.0,0.0,0.0,2,1,0,1,0,6,0.0,0.0,0,0,0,0,0,0,0,0,0,1,0,0,0.12
76,90.09,7.508,4,1,1,0,0.0,25.0,0.0,0.0,0.0,2.449,1.014,3.971,3.189,2.487,4.381,6.213,0.875,0.0,8.825,0.0,42.683,0.0,42.683,8.825,0.0,9.735,0.0,0.0,0.91,0.0,85.367,4.062,3.109,-2.0,-4.745,0.0,0.0,0.0,0.0,0.0,0.0,0.0,1,1,0,1,0,3,0.0,0.0,1,1,2,0,0,0,0,0,0,0,2,0,0.494
77,126.15,8.41,3,6,0,0,40.0,0.0,0.0,0.0,0.0,1.137,1.41,1.903,1.922,1.985,4.473,4.705,0.112,0.0,0.0,0.0,98.692,0.0,0.0,5.697,50.357,5.697,0.0,0.0,5.697,0.0,98.692,0.0,15.0,-0.891,-0.891,-1.583,-4.072,-4.072,-6.0,0.0,0.0,0.0,0,0,0,0,0,0,10.463,0.0,3,0,0,0,0,0,0,0,0,9,0,0,0.0
78,86.1,7.175,4,2,1,0,0.0,16.7,0.0,0.0,0.0,2.6,1.085,3.971,3.022,2.355,3.912,3.834,1.067,0.0,8.825,15.767,0.0,0.0,0.0,8.825,0.0,28.688,0.0,0.0,4.095,0.0,42.683,2.873,2.175,-2.0,-4.745,0.0,0.0,0.0,0.0,0.0,0.0,0.0,1,0,3,2,0,0,0.0,0.0,1,2,4,0,0,0,0,0,0,0,4,0,0.229
79,96.12,10.68,4,2,0,0,0.0,33.3,0.0,0.0,0.0,2.187,2.199,0.0,2.067,0.0,8.417,4.012,1.203,0.0,7.19,0.0,40.435,0.0,39.096,0.0,1.339,8.529,0.0,1.339,0.0,0.0,39.096,5.85,1.48,-3.0,0.0,0.0,0.0,0.0,0.0,0.0,0.0,0.0,0,0,0,3,0,0,0.0,0.0,3,0,0,0,0,0,0,0,0,0,0,0,2.449
80,32.05,5.342,2,0,0,0,0.0,16.7,0.0,0.0,0.0,1.0,0.0,0.0,0.931,0.0,1.551,0.39,0.2,0.0,4.602,0.0,42.683,0.0,42.683,0.0,0.0,4.602,0.0,0.0,0.0,0.0,42.683,0.0,0.0,0.0,0.0,0.0,0.0,0.0,0.0,0.0,0.0,0.0,1,0,0,3,0,0,0.0,0.0,0,0,0,0,0,0,0,0,0,0,0,0,0.663
81,86.1,7.175,3,2,2,0,0.0,16.7,0.0,0.0,0.0,2.84,0.727,3.135,3.022,1.758,4.468,3.364,1.021,0.0,10.883,15.767,9.476,0.0,0.0,0.0,9.476,43.318,0.0,0.0,7.191,0.0,0.0,3.349,2.098,-2.653,-3.791,0.0,0.0,0.0,0.0,0.0,0.0,0.0,0,0,0,6,0,0,0.0,4.142,1,2,2,0,0,0,0,0,0,0,3,0,0.229
82,72.12,5.548,3,1,1,0,0.0,7.7,0.0,0.0,0.0,2.812,1.056,3.916,2.815,2.724,4.548,4.885,1.253,0.0,17.65,2.535,0.0,0.0,0.0,20.185,0.0,25.318,0.0,0.0,7.668,0.0,0.0,3.677,1.993,-3.226,0.0,0.0,0.0,0.0,0.0,0.0,0.0,0.0,2,1,3,0,5,0,0.0,0.0,0,2,1,0,0,0,0,0,0,0,1,0,0.429
83,60.06,7.507,2,1,1,0,0.0,25.0,0.0,0.0,0.0,1.951,0.332,3.132,2.031,0.0,3.431,1.076,0.442,0.0,10.883,0.0,0.0,0.0,0.0,0.0,0.0,24.365,0.0,0.0,0.0,0.0,0.0,3.349,1.194,0.0,0.0,0.0,0.0,0.0,0.0,0.0,0.0,0.0,0,0,0,3,0,0,0.0,3.861,1,0,0,0,0,0,0,0,0,0,1,0,0.149
84,141.94,28.388,2,0,0,0,0.0,0.0,0.0,0.0,0.0,0.03,0.0,0.0,0.0,0.0,71.685,0.0,0.144,0.0,7.299,0.0,0.0,56.782,0.0,0.0,0.0,7.299,56.782,0.0,0.0,0.0,0.0,0.0,0.0,0.0,0.0,0.0,0.0,0.0,0.0,0.0,0.0,0.0,1,0,0,3,0,0,0.0,0.0,0,0,0,0,0,0,0,0,0,0,0,0,1.86
85,88.17,4.898,4,0,1,0,0.0,5.6,0.0,0.0,0.0,1.437,2.316,5.184,2.057,3.239,6.926,7.771,1.617,0.0,37.359,0.0,0.0,0.0,11.0,26.476,0.0,37.359,0.0,0.0,0.0,0.0,0.0,1.72,8.14,-3.0,-4.381,0.0,0.0,0.0,0.0,0.0,0.0,0.0,3,0,0,3,0,9,0.0,4.937,0,3,0,0,0,0,0,0,0,0,0,0,1.463
86,118.15,6.564,3,1,4,0,0.0,16.7,0.0,0.0,0.0,3.268,1.319,2.049,3.419,0.982,8.178,6.969,1.421,2.051,21.766,7.127,0.0,0.0,11.0,7.127,0.0,36.084,0.0,0.0,14.318,0.0,0.0,4.174,4.153,0.0,-1.8,-2.906,-4.344,0.0,0.0,0.0,0.0,0.0,0,1,0,8,2,0,0.0,8.947,1,3,0,0,0,0,0,0,0,0,4,0,0.026
87,31.07,4.439,2,0,0,0,14.3,0.0,0.0,0.0,0.0,0.5,0.0,0.0,1.04,0.0,1.368,0.489,0.273,0.0,8.396,32.897,0.0,0.0,0.0,32.897,0.0,8.396,0.0,0.0,0.0,0.0,32.897,0.0,0.0,0.0,0.0,0.0,0.0,0.0,0.0,0.0,0.0,0.0,1,0,0,3,0,0,0.0,0.0,0,0,0,0,0,0,0,0,0,1,0,0,0.663
88,98.21,4.677,1,0,0,0,0.0,0.0,0.0,0.0,0.0,0.36,2.743,2.022,2.856,1.274,8.575,9.973,2.386,0.0,8.825,12.673,0.0,0.0,0.0,21.498,0.0,21.498,0.0,0.0,12.673,0.0,0.0,0.0,0.0,-0.838,-2.347,-3.206,-4.789,0.0,0.0,0.0,0.0,0.0,1,5,14,0,0,0,0.0,0.0,0,0,0,0,1,0,0,0,0,0,0,0,12.092
89,73.11,6.093,3,1,0,0,8.3,8.3,0.0,0.0,0.0,2.431,1.069,3.916,1.827,0.0,4.648,3.732,0.686,0.0,16.793,3.124,0.0,0.0,0.0,3.124,0.0,27.788,0.0,0.0,0.0,0.0,0.0,2.293,3.384,-3.226,0.0,0.0,0.0,0.0,0.0,0.0,0.0,0.0,0,0,0,6,0,0,0.0,0.0,1,0,0,0,0,0,0,0,0,3,2,0,0.074
90,208.25,9.466,3,13,1,0,0.0,13.6,0.0,0.0,49.202,4.002,4.342,1.343,3.754,0.091,6.072,9.68,2.565,1.955,0.0,0.0,106.769,0.0,39.096,0.0,1.339,74.369,0.0,1.339,6.697,0.0,39.096,5.85,2.503,3.656,2.796,1.775,-1.097,-1.478,-2.445,-3.0,-3.0,-7.72,0,0,0,7,0,0,0.0,0.0,3,0,6,9,5,0,0,0,0,0,6,0,3.905
91,123.12,8.794,2,7,1,0,7.1,14.3,0.0,0.0,0.0,3.006,1.593,1.764,3.039,0.571,3.079,5.069,1.153,4.072,6.545,0.0,47.381,0.0,0.0,0.0,6.545,50.138,0.0,0.0,2.757,0.0,0.0,2.393,6.57,2.136,-1.582,-2.0,-2.347,-4.789,-5.459,0.0,0.0,0.0,0,0,0,5,0,0,0.0,0.0,1,2,6,2,0,0,0,0,0,1,4,0,1.75
92,99.15,6.197,2,1,0,0,6.3,6.3,15.767,0.0,0.0,3.5,1.919,2.704,3.328,0.672,7.341,8.319,1.368,0.0,8.396,10.299,0.0,0.0,0.0,10.299,0.0,20.276,0.0,0.0,11.879,0.0,0.0,3.348,8.162,-0.923,-2.78,-4.183,-5.553,0.0,0.0,0.0,0.0,0.0,0,2,0,5,2,2,0.0,0.0,1,3,1,0,0,0,0,0,0,3,3,0,0.039
93,109.14,7.276,2,6,0,0,6.7,6.7,0.0,0.0,0.0,2.794,1.559,2.091,3.64,0.133,4.481,6.255,1.256,0.0,0.0,0.0,70.802,0.0,0.0,0.0,0.0,40.662,0.0,0.0,2.757,0.0,75.581,0.0,2.369,0.0,-1.645,-3.451,-3.464,-5.792,0.0,0.0,0.0,0.0,0,0,0,4,0,0,0.0,0.0,0,1,2,0,0,0,0,0,0,1,2,0,1.972
94,140.57,10.041,2,7,1,0,0.0,7.1,0.0,0.0,0.0,3.143,2.047,1.894,3.664,0.0,2.473,5.981,1.062,2.568,0.0,0.0,37.905,39.149,0.0,0.0,50.573,95.164,0.0,0.0,6.686,0.0,0.0,0.0,1.158,0.817,-0.549,-1.88,-3.459,-4.256,-5.882,0.0,0.0,0.0,0,0,0,4,0,0,0.0,0.0,0,1,1,1,1,0,0,4,0,0,2,3,5.618
95,126.59,8.439,2,6,0,0,0.0,0.0,0.0,0.0,0.0,1.598,2.156,2.091,3.457,0.317,5.215,7.746,1.324,0.0,8.825,0.0,37.905,39.149,0.0,8.825,39.149,92.565,0.0,0.0,6.686,0.0,0.0,0.0,1.345,0.0,-1.645,-3.451,-3.464,-5.792,0.0,0.0,0.0,0.0,1,0,3,4,0,0,0.0,0.0,0,0,0,0,2,0,0,0,0,0,0,3,10.302
96,108.15,6.759,2,6,0,0,0.0,6.3,0.0,0.0,0.0,2.919,1.786,2.091,3.578,0.297,5.401,6.578,1.615,0.0,8.825,0.0,37.905,0.0,0.0,8.825,0.0,49.916,0.0,0.0,3.186,0.0,42.683,0.0,1.846,0.0,-1.645,-3.451,-3.464,-5.792,0.0,0.0,0.0,0.0,1,0,3,4,0,0,0.0,0.0,0,2,3,0,1,0,0,0,0,0,3,0,3.456
97,139.12,9.275,3,7,1,0,6.7,20.0,0.0,0.0,0.0,3.067,1.746,1.869,3.774,0.0,2.725,4.966,1.228,2.197,6.545,0.0,37.905,0.0,0.0,0.0,6.545,40.662,0.0,0.0,2.757,0.0,42.683,2.393,5.984,2.304,-0.52,-2.0,-2.016,-3.459,-5.184,-6.295,0.0,0.0,0,0,0,4,0,0,0.0,0.0,1,2,6,2,0,0,0,0,0,1,6,0,0.613
98,128.56,9.889,2,6,0,0,0.0,7.7,0.0,0.0,0.0,2.698,1.913,1.848,3.085,0.615,2.293,7.323,1.092,3.352,0.0,0.0,37.905,39.149,0.0,0.0,39.149,80.554,0.0,0.0,3.501,0.0,42.683,0.0,1.804,0.0,-2.275,-3.0,-3.623,-5.275,0.0,0.0,0.0,0.0,0,0,0,4,0,0,0.0,0.0,0,2,2,1,0,0,0,5,0,0,2,2,4.525
99,288.05,16.944,12,0,2,12,0.0,0.0,0.0,0.0,0.0,4.031,2.719,3.667,2.352,2.703,2.036,1.908,2.085,0.0,0.0,0.0,0.0,15.519,0.0,15.519,0.0,20.991,0.0,0.0,0.0,0.0,0.0,4.53,9.525,6.0,3.756,-3.0,-3.0,-3.0,-3.0,-3.0,-3.0,-8.481,2,3,0,0,0,0,0.0,0.0,0,0,0,0,0,0,0,0,0,0,0,0,17.665
100,94.12,7.24,1,6,0,0,0.0,7.7,0.0,0.0,0.0,2.632,1.336,2.022,2.873,0.615,3.792,5.358,1.257,0.0,0.0,0.0,47.381,0.0,0.0,0.0,0.0,47.381,0.0,0.0,0.0,0.0,42.683,0.0,1.163,-0.838,-2.347,-3.206,-4.789,0.0,0.0,0.0,0.0,0.0,0,0,0,5,0,0,0.0,0.0,0,2,2,0,0,0,0,0,0,0,2,0,2.268
101,136.16,7.564,2,7,2,0,0.0,11.1,0.0,0.0,0.0,3.169,2.056,1.435,3.461,0.556,5.574,8.021,1.769,2.237,0.0,2.535,47.381,0.0,0.0,2.535,0.0,54.011,0.0,0.0,6.63,0.0,42.683,4.03,6.175,2.136,-0.366,-2.0,-2.294,-2.347,-4.789,-5.18,0.0,0.0,0,1,0,5,2,0,0.0,0.0,1,2,2,4,1,0,0,0,0,0,2,0,3.117
102,119.13,8.509,1,8,1,0,7.1,7.1,0.0,0.0,0.0,2.683,1.539,1.506,3.039,0.571,2.967,4.825,1.096,4.51,0.0,0.0,47.381,0.0,0.0,16.786,0.0,68.075,0.0,0.0,2.757,17.937,0.0,3.175,7.093,1.684,-0.472,-1.828,-2.347,-4.501,-4.789,0.0,0.0,0.0,0,0,0,5,0,0,0.0,0.0,1,2,2,2,0,0,0,0,0,2,1,0,2.605
103,98.91,24.727,3,1,0,0,0.0,25.0,0.0,0.0,0.0,1.975,1.106,0.0,0.0,0.0,2.095,0.0,0.018,0.0,0.0,0.0,0.0,0.0,0.0,0.0,0.0,84.061,0.0,0.0,5.764,0.0,0.0,4.948,0.958,0.0,0.0,0.0,0.0,0.0,0.0,0.0,0.0,0.0,0,0,0,0,0,0,0.0,0.0,0,2,0,0,0,0,0,4,0,0,0,0,0.041
104,137.32,34.33,3,0,0,0,0.0,0.0,0.0,0.0,0.0,0.759,5.175,0.0,0.0,0.0,0.026,0.0,0.382,0.0,0.0,21.747,0.0,0.0,0.0,0.0,0.0,129.134,21.747,0.0,0.0,0.0,0.0,0.0,0.0,0.0,0.0,0.0,0.0,0.0,0.0,0.0,0.0,0.0,0,0,0,0,0,0,0.0,0.0,0,0,0,0,0,0,0,0,0,0,0,0,1.86
105,208.22,34.703,5,0,0,0,0.0,0.0,0.0,0.0,0.0,0.867,17.25,0.0,0.0,0.0,0.039,0.0,0.471,0.0,0.0,0.0,0.0,0.0,0.0,0.0,0.0,178.978,0.0,0.0,0.0,0.0,0.0,0.0,0.0,-4.0,-4.0,0.0,0.0,0.0,0.0,0.0,0.0,0.0,0,0,0,0,0,0,0.0,0.0,0,0,0,0,0,0,0,0,0,0,0,0,4.957
106,153.32,30.664,4,1,0,0,0.0,20.0,0.0,0.0,0.0,2.512,7.038,0.0,0.0,0.0,1.936,0.0,0.666,0.0,0.0,0.0,0.0,0.0,0.0,0.0,8.976,116.362,8.976,8.976,0.0,0.0,0.0,0.0,0.0,-3.0,0.0,0.0,0.0,0.0,0.0,0.0,0.0,0.0,0,0,0,0,0,0,0.0,0.0,0,3,0,0,0,0,0,6,0,0,0,0,0.041
107,148.12,9.875,2,8,0,0,0.0,20.0,17.22,32.421,0.0,3.833,2.223,1.606,2.974,0.933,2.281,3.893,1.278,3.497,0.0,0.0,37.905,0.0,0.0,0.0,0.0,58.659,0.0,0.0,20.754,0.0,0.0,3.859,3.309,2.779,2.168,-1.284,-1.377,-2.128,-3.819,-5.174,-6.144,0.0,0,0,0,4,0,0,0.0,4.354,2,4,6,2,0,0,0,0,0,0,8,0,4.804
108,147.14,9.196,2,8,0,0,6.3,12.5,17.22,32.421,0.0,3.928,2.286,1.606,3.625,0.0,2.948,4.792,1.318,1.882,0.0,0.0,37.905,0.0,0.0,16.786,0.0,48.981,0.0,0.0,11.076,0.0,42.683,2.562,5.04,2.779,2.168,-1.284,-1.377,-2.128,-3.819,-5.174,-6.144,0.0,0,0,0,4,0,0,0.0,0.0,2,4,6,2,0,0,0,0,0,2,6,0,4.804
109,85.17,5.01,0,0,0,0,5.9,0.0,0.0,0.0,0.0,0.785,1.811,2.056,2.793,1.294,7.279,7.827,1.596,0.0,0.0,11.815,18.011,0.0,0.0,29.826,0.0,11.815,0.0,0.0,11.815,18.011,18.011,0.8,7.5,-2.0,-2.0,-4.0,0.0,0.0,0.0,0.0,0.0,0.0,0,3,2,4,0,4,0.0,0.0,0,0,0,0,0,0,0,0,0,2,0,0,0.668
110,139.12,9.275,3,7,1,0,6.7,20.0,0.0,0.0,0.0,3.036,1.774,1.597,3.374,0.533,2.725,4.928,1.228,0.352,6.545,0.0,37.905,0.0,0.0,0.0,6.545,40.662,0.0,0.0,2.757,0.0,42.683,2.393,7.733,2.275,-0.5,-2.0,-3.0,-3.01,-5.275,-5.487,0.0,0.0,0,0,0,4,0,0,0.0,0.0,1,4,8,0,0,0,0,0,0,1,6,0,0.613
111,137.15,8.068,3,7,1,0,5.9,11.8,0.0,0.0,0.0,3.118,2.093,1.597,3.337,0.75,5.215,6.089,1.505,2.251,15.37,0.0,37.905,0.0,0.0,8.825,6.545,52.673,0.0,0.0,5.942,0.0,0.0,2.393,8.041,2.275,-0.5,-2.0,-3.0,-3.01,-5.275,-5.487,0.0,0.0,1,0,3,4,0,0,0.0,0.0,1,2,6,3,0,0,0,0,0,1,4,0,2.81
112,162.21,7.373,3,8,2,0,9.1,4.5,0.0,0.0,0.0,3.533,2.375,1.293,3.789,0.545,6.639,9.071,1.744,1.594,0.0,65.794,56.857,0.0,0.0,65.794,12.233,67.504,0.0,0.0,10.647,0.0,65.794,1.96,3.149,2.235,2.136,-0.531,-2.0,-2.254,-2.347,-4.144,-4.789,0.0,0,0,0,6,0,0,0.0,0.0,0,0,1,2,1,0,0,0,0,2,1,0,0.57
113,58.09,5.809,2,1,1,0,0.0,10.0,0.0,0.0,0.0,2.174,0.575,3.132,2.314,0.0,3.333,3.219,0.908,0.0,8.825,2.535,0.0,0.0,0.0,11.36,11.424,22.784,0.0,0.0,2.535,0.0,0.0,2.555,1.566,0.0,0.0,0.0,0.0,0.0,0.0,0.0,0.0,0.0,1,1,3,0,2,0,0.0,0.0,0,1,1,0,0,0,0,0,0,0,1,0,0.041
114,74.09,6.735,3,1,1,0,0.0,18.2,0.0,0.0,0.0,2.368,0.747,3.916,2.845,2.634,4.049,4.717,0.895,0.0,8.825,2.535,0.0,0.0,0.0,11.36,0.0,12.27,0.0,0.0,3.444,0.0,42.683,3.925,1.893,-3.226,0.0,0.0,0.0,0.0,0.0,0.0,0.0,0.0,1,1,3,0,2,0,0.0,0.0,1,2,2,0,0,0,0,0,0,0,2,0,0.018
115,59.13,4.548,2,0,1,0,7.7,0.0,0.0,0.0,0.0,1.028,0.789,3.132,2.873,2.797,3.874,3.45,1.001,0.0,8.825,37.537,0.0,0.0,0.0,46.363,0.0,13.465,0.0,0.0,4.64,0.0,32.897,0.0,0.0,0.0,0.0,0.0,0.0,0.0,0.0,0.0,0.0,0.0,2,1,3,2,0,2,0.0,0.0,0,0,0,0,0,0,0,0,0,1,0,0,0.12
116,76.11,5.855,3,0,1,0,0.0,15.4,0.0,0.0,0.0,2.111,1.032,3.916,3.181,2.643,5.095,6.147,0.963,0.0,8.825,0.0,85.367,0.0,85.367,8.825,0.0,8.825,0.0,0.0,0.0,0.0,85.367,0.0,0.822,-3.226,0.0,0.0,0.0,0.0,0.0,0.0,0.0,0.0,2,1,0,3,0,3,0.0,0.0,0,1,1,0,0,0,0,0,0,0,1,0,0.285
117,58.09,5.809,1,0,0,0,0.0,10.0,0.0,0.0,0.0,1.208,1.144,0.0,2.646,2.336,3.805,2.847,0.959,0.0,8.825,4.592,0.0,0.0,11.0,13.418,0.0,13.418,0.0,0.0,4.592,0.0,0.0,1.72,4.792,-3.623,0.0,0.0,0.0,0.0,0.0,0.0,0.0,0.0,1,1,0,3,0,3,0.0,4.708,0,1,0,0,0,0,0,0,0,0,0,0,0.002
118,68.09,7.566,0,5,0,0,22.2,0.0,9.167,0.0,0.0,0.597,0.766,3.125,3.17,0.0,2.82,2.873,0.554,0.0,0.0,0.0,18.524,0.0,0.0,25.71,16.663,27.571,0.0,0.0,0.0,16.663,16.663,0.0,0.0,-3.236,-3.236,0.0,0.0,0.0,0.0,0.0,0.0,0.0,0,0,0,1,0,0,3.597,0.0,0,1,0,0,0,0,0,0,0,2,0,0,0.134
119,54.031,9.005,2,0,0,0,0.0,16.7,0.0,0.0,0.0,0.889,1.225,0.0,0.931,0.0,2.784,2.326,38.904,0.0,10.883,0.0,0.0,0.0,0.0,0.0,0.0,10.883,0.0,0.0,0.0,0.0,0.0,0.0,0.0,0.0,0.0,0.0,0.0,0.0,0.0,0.0,0.0,0.0,1,0,0,3,0,0,0.0,4.389,0,0,0,0,0,0,0,0,0,0,0,0,0.663
120,73.16,4.573,4,0,0,0,6.3,0.0,0.0,0.0,0.0,1.354,2.366,0.0,1.545,0.0,5.511,6.506,1.352,0.0,26.476,32.897,0.0,0.0,0.0,59.373,0.0,26.476,0.0,0.0,0.0,0.0,32.897,0.0,7.5,-3.0,0.0,0.0,0.0,0.0,0.0,0.0,0.0,0.0,3,0,0,0,0,9,0.0,0.0,0,0,0,0,0,0,0,0,0,1,0,0,0.64
121,208.37,6.314,4,0,8,0,0.0,12.1,0.0,0.0,0.0,1.923,4.387,2.695,2.286,2.911,19.031,23.391,4.269,0.066,35.301,18.37,0.0,0.0,0.0,53.67,0.0,53.67,0.0,0.0,18.37,0.0,0.0,0.0,6.977,2.2,1.094,-0.656,-0.656,-0.656,-1.735,-5.544,-5.544,0.0,4,0,0,8,0,12,0.0,21.692,6,4,0,0,0,0,0,0,0,0,12,0,0.063
122,72.12,5.548,0,0,0,0,0.0,7.7,9.167,0.0,0.0,1.444,1.319,3.125,2.162,1.538,6.131,5.468,1.305,0.0,0.0,14.254,0.0,0.0,11.0,14.254,0.0,14.254,0.0,0.0,14.254,0.0,0.0,1.72,3.488,-3.236,-3.236,0.0,0.0,0.0,0.0,0.0,0.0,0.0,0,2,0,4,0,4,0.0,4.944,0,2,0,0,0,0,0,0,0,0,0,0,0.166
123,163.38,20.422,5,1,0,0,0.0,25.0,0.0,0.0,0.0,2.625,3.084,4.656,2.031,0.0,9.11,4.492,0.464,0.0,0.0,0.0,0.0,0.0,0.0,0.0,117.446,118.356,0.0,0.0,0.91,0.0,42.683,4.565,3.133,-3.0,-3.0,-6.155,0.0,0.0,0.0,0.0,0.0,0.0,1,0,0,0,0,0,0.0,0.0,1,0,6,0,0,0,0,18,0,0,0,0,0.991
124,117.16,29.29,3,0,0,0,0.0,0.0,0.0,0.0,0.0,0.694,2.227,0.0,0.0,0.0,0.789,0.0,0.131,0.0,0.0,0.0,0.0,0.0,0.0,0.0,0.0,0.0,0.0,0.0,0.0,0.0,0.0,0.0,0.0,0.0,0.0,0.0,0.0,0.0,0.0,0.0,0.0,0.0,0,0,0,0,0,0,0.0,0.0,0,0,0,0,0,0,0,0,0,0,0,0,1.86
125,119.37,23.874,3,0,0,0,0.0,0.0,0.0,0.0,0.0,0.694,2.227,0.0,0.0,0.0,8.292,0.0,0.025,0.0,0.0,0.0,0.0,0.0,0.0,0.0,117.446,117.446,0.0,0.0,0.0,0.0,0.0,2.49,1.807,0.0,0.0,0.0,0.0,0.0,0.0,0.0,0.0,0.0,1,0,0,0,0,0,0.0,0.0,0,0,0,0,0,0,0,0,0,0,0,0,3.301
126,101.22,4.601,3,0,3,0,4.5,0.0,0.0,0.0,0.0,0.375,1.62,2.933,2.025,3.029,7.837,8.214,1.85,0.0,26.476,6.317,0.0,0.0,0.0,35.917,0.0,32.793,0.0,0.0,6.317,0.0,0.0,1.2,9.053,-0.464,-3.791,-3.791,0.0,0.0,0.0,0.0,0.0,0.0,3,0,0,6,0,9,0.0,0.0,0,3,0,0,3,0,0,0,0,3,0,0,2.519
127,114.03,14.254,5,1,0,3,0.0,25.0,0.0,0.0,0.0,2.579,0.803,4.656,2.031,0.0,0.971,0.711,0.602,0.0,0.0,0.0,0.0,7.76,0.0,7.76,0.0,8.669,0.0,0.0,0.91,0.0,42.683,5.735,2.322,-3.0,-3.0,-6.155,0.0,0.0,0.0,0.0,0.0,0.0,1,0,0,0,0,0,0.0,0.0,1,0,0,0,0,0,18,0,0,0,0,0,0.134
128,70.02,14.004,3,0,0,3,0.0,0.0,0.0,0.0,0.0,1.667,0.247,0.0,0.0,0.0,1.869,0.0,0.284,0.0,0.0,0.0,0.0,14.05,0.0,14.05,0.0,14.05,0.0,0.0,0.0,0.0,0.0,4.53,0.993,0.0,0.0,0.0,0.0,0.0,0.0,0.0,0.0,0.0,1,0,0,0,0,0,0.0,0.0,0,0,0,0,0,0,0,0,0,0,0,0,1.243
129,103.93,6.496,3,0,3,0,0.0,18.8,0.0,0.0,0.0,1.104,0.996,2.933,1.623,3.08,7.504,3.657,1.424,0.0,32.649,0.0,0.0,0.0,0.0,0.0,0.0,32.649,0.0,0.0,0.0,0.0,0.0,0.0,3.488,-0.464,-3.791,-3.791,0.0,0.0,0.0,0.0,0.0,0.0,0,0,0,9,0,0,0.0,13.812,3,0,0,0,0,0,0,0,0,0,6,0,1.876
130,59.13,4.548,3,0,0,0,7.7,0.0,0.0,0.0,0.0,0.0,1.342,0.0,0.855,0.0,4.028,3.295,0.779,0.0,25.189,0.0,0.0,0.0,0.0,3.124,0.0,25.189,0.0,0.0,0.0,0.0,0.0,1.2,3.75,0.0,0.0,0.0,0.0,0.0,0.0,0.0,0.0,0.0,0,0,0,9,0,0,0.0,0.0,0,0,0,0,0,0,0,0,0,3,0,0,0.12
131,86.1,7.175,3,2,2,0,0.0,16.7,0.0,0.0,0.0,2.75,0.776,2.636,3.022,1.459,4.26,4.371,1.021,0.0,8.825,27.301,0.0,0.0,0.0,8.825,0.0,43.318,0.0,0.0,7.191,0.0,0.0,4.174,2.837,-2.0,-3.851,0.0,0.0,0.0,0.0,0.0,0.0,0.0,1,0,0,2,3,0,0.0,4.167,1,3,0,0,1,0,0,0,0,0,1,0,0.229
132,105.16,5.842,2,0,4,0,5.6,11.1,0.0,0.0,0.0,2.149,1.197,1.73,2.837,1.565,7.414,8.377,1.207,1.237,0.0,4.211,103.377,0.0,85.367,22.222,0.0,4.211,0.0,0.0,4.211,18.011,103.377,0.8,5.317,-0.586,-2.0,-3.414,0.0,0.0,0.0,0.0,0.0,0.0,2,0,0,8,0,0,0.0,0.0,0,0,0,0,0,0,0,0,0,2,0,0,0.84
133,106.14,6.244,2,0,4,0,0.0,17.6,0.0,0.0,0.0,2.086,1.06,1.73,2.676,1.652,7.474,8.147,1.193,0.927,0.0,9.185,85.367,0.0,96.367,9.185,0.0,9.185,0.0,0.0,9.185,0.0,85.367,1.72,2.807,-0.586,-2.0,-3.414,0.0,0.0,0.0,0.0,0.0,0.0,2,0,0,8,0,0,0.0,4.632,0,0,0,0,0,0,0,0,0,0,0,0,0.84
134,74.14,4.943,3,0,1,0,0.0,6.7,0.0,0.0,0.0,2.361,1.257,3.916,3.14,2.718,5.333,5.802,1.353,0.0,17.65,2.535,42.683,0.0,42.683,20.185,0.0,20.185,0.0,0.0,2.535,0.0,42.683,0.0,1.163,-3.226,0.0,0.0,0.0,0.0,0.0,0.0,0.0,0.0,2,2,3,1,0,5,0.0,0.0,0,2,1,0,0,0,0,0,0,0,1,0,0.64
135,44.06,6.294,2,1,0,0,0.0,14.3,0.0,0.0,0.0,1.806,0.236,0.0,1.326,0.0,2.158,1.647,0.559,0.0,8.825,0.0,0.0,0.0,0.0,8.825,11.424,20.249,0.0,0.0,0.0,0.0,0.0,2.555,0.783,0.0,0.0,0.0,0.0,0.0,0.0,0.0,0.0,0.0,1,0,0,0,3,0,0.0,0.0,0,1,0,0,0,0,0,0,0,0,0,0,0.101
136,60.06,7.507,3,1,0,0,0.0,25.0,0.0,0.0,0.0,2.0,0.519,0.0,2.031,0.0,2.72,2.881,0.537,0.0,8.825,0.0,0.0,0.0,0.0,8.825,0.0,9.735,0.0,0.0,0.91,0.0,42.683,3.925,1.221,0.0,0.0,0.0,0.0,0.0,0.0,0.0,0.0,0.0,1,0,0,0,3,0,0.0,0.0,1,2,0,0,0,0,0,0,0,0,0,0,0.149
137,58.09,5.809,3,1,0,0,0.0,10.0,0.0,0.0,0.0,2.444,0.908,0.0,1.239,0.0,3.339,3.272,0.908,0.0,17.65,0.0,0.0,0.0,0.0,17.65,0.0,22.784,0.0,0.0,5.133,0.0,0.0,3.677,1.302,0.0,0.0,0.0,0.0,0.0,0.0,0.0,0.0,0.0,2,0,0,0,6,0,0.0,0.0,0,2,0,0,0,0,0,0,0,0,0,0,0.041
138,76.53,8.503,2,1,0,0,0.0,0.0,0.0,0.0,0.0,0.957,0.752,3.132,2.373,0.0,5.412,4.341,0.857,0.0,0.0,18.616,9.476,0.0,0.0,2.85,48.625,67.241,0.0,0.0,2.85,0.0,0.0,2.06,1.942,0.0,0.0,0.0,0.0,0.0,0.0,0.0,0.0,0.0,1,0,0,5,0,0,0.0,0.0,0,0,0,0,0,0,0,0,0,0,0,1,2.795
139,128.19,6.104,3,2,5,0,0.0,9.5,0.0,0.0,0.0,3.346,1.725,1.787,3.785,0.607,8.366,9.334,2.033,0.819,8.825,25.428,9.476,0.0,0.0,18.487,9.476,50.921,0.0,0.0,16.853,0.0,0.0,3.349,3.261,0.313,-0.654,-2.417,-3.006,-4.386,0.0,0.0,0.0,0.0,1,2,5,5,0,2,0.0,4.675,1,3,3,1,1,0,0,0,0,0,4,0,2.621
140,153.81,30.762,4,0,0,0,0.0,0.0,0.0,0.0,0.0,0.715,3.857,0.0,0.0,0.0,0.914,0.0,0.036,0.0,0.0,0.0,0.0,0.0,0.0,0.0,0.0,156.595,0.0,0.0,0.0,0.0,0.0,3.32,2.41,-3.0,0.0,0.0,0.0,0.0,0.0,0.0,0.0,0.0,1,0,0,0,0,0,0.0,0.0,0,0,0,0,0,0,0,0,0,0,0,0,4.957
141,86.47,17.294,3,0,0,2,0.0,0.0,0.0,0.0,0.0,2.099,0.577,0.0,0.0,0.0,2.885,0.0,0.532,0.0,0.0,0.0,0.0,8.43,0.0,8.43,39.149,47.578,0.0,0.0,0.0,0.0,0.0,4.596,0.983,0.0,0.0,0.0,0.0,0.0,0.0,0.0,0.0,0.0,1,0,0,0,0,0,0.0,0.0,0,0,0,0,0,0,0,0,4,0,0,0,1.86
142,84.93,16.986,2,0,0,0,0.0,0.0,0.0,0.0,0.0,0.653,0.909,0.0,0.0,0.0,12.313,0.0,0.261,0.0,0.0,3.165,0.0,0.0,0.0,3.165,0.0,81.462,0.0,0.0,3.165,0.0,0.0,2.4,0.833,0.0,0.0,0.0,0.0,0.0,0.0,0.0,0.0,0.0,1,0,0,0,0,0,0.0,0.0,0,0,0,0,0,0,0,0,0,0,0,0,1.86
143,74.14,4.943,2,0,2,0,0.0,6.7,0.0,0.0,0.0,1.333,0.781,2.34,2.073,2.482,5.42,4.559,1.254,0.0,17.65,9.185,0.0,0.0,11.0,26.835,0.0,26.835,0.0,0.0,9.185,0.0,0.0,1.72,3.488,-2.732,0.0,0.0,0.0,0.0,0.0,0.0,0.0,0.0,2,0,0,4,0,6,0.0,4.833,0,2,0,0,1,0,0,0,0,0,0,0,0.64
144,92.53,9.253,1,0,0,0,0.0,10.0,0.0,0.0,0.0,1.226,1.418,2.983,2.922,2.061,6.721,6.509,1.043,0.0,0.0,7.442,0.0,0.0,11.0,7.442,39.149,46.591,0.0,0.0,7.442,0.0,0.0,1.72,3.991,-3.0,-4.455,0.0,0.0,0.0,0.0,0.0,0.0,0.0,1,1,0,5,0,0,0.0,4.726,0,0,1,0,0,0,0,3,0,0,0,1,0.166
145,92.11,6.579,3,0,2,0,0.0,21.4,0.0,0.0,0.0,2.167,1.019,3.135,2.807,2.217,5.759,7.735,0.932,0.0,0.0,0.0,128.05,0.0,128.05,0.0,0.0,0.0,0.0,0.0,0.0,0.0,128.05,0.0,0.581,-2.653,-3.791,0.0,0.0,0.0,0.0,0.0,0.0,0.0,2,1,0,5,0,0,0.0,0.0,0,0,0,0,0,0,0,0,0,0,2,0,1.876
146,138.02,17.252,6,0,0,6,0.0,0.0,0.0,0.0,0.0,2.437,0.996,4.976,0.311,0.0,0.508,0.191,0.784,0.0,0.0,0.0,0.0,15.519,0.0,15.519,0.0,15.519,0.0,0.0,0.0,0.0,0.0,4.53,3.134,-3.0,-3.0,-3.0,-7.817,0.0,0.0,0.0,0.0,0.0,2,0,0,0,0,0,0.0,0.0,0,0,0,0,0,0,0,0,0,0,0,0,4.957
147,98.06,10.896,2,3,0,0,0.0,33.3,15.767,0.0,0.0,2.924,1.073,2.393,2.281,0.889,0.85,2.387,0.787,0.0,0.0,0.0,18.952,0.0,0.0,0.0,18.952,33.335,0.0,0.0,14.383,0.0,0.0,3.859,3.309,-1.328,-2.408,-4.473,-5.041,0.0,0.0,0.0,0.0,0.0,0,0,0,2,0,0,0.0,3.972,2,4,2,0,0,0,0,0,0,0,4,0,0.252
148,50.49,10.098,2,0,0,0,0.0,0.0,0.0,0.0,0.0,0.528,0.0,0.0,0.0,0.0,6.51,0.0,0.469,0.0,9.14,0.0,0.0,0.0,0.0,0.0,39.149,48.289,0.0,0.0,0.0,0.0,0.0,0.0,0.0,0.0,0.0,0.0,0.0,0.0,0.0,0.0,0.0,0.0,1,0,0,3,0,0,0.0,0.0,0,0,0,0,0,0,0,0,0,0,0,0,0.713
149,58.14,4.153,2,0,1,0,0.0,0.0,0.0,0.0,0.0,0.181,1.0,3.132,1.842,3.283,3.801,3.236,1.37,0.0,17.65,5.069,0.0,0.0,0.0,22.719,0.0,22.719,0.0,0.0,5.069,0.0,0.0,0.0,0.0,0.0,0.0,0.0,0.0,0.0,0.0,0.0,0.0,0.0,2,2,10,0,0,0,0.0,0.0,0,0,0,0,0,0,0,0,0,0,0,0,7.447
150,32.06,5.343,2,0,0,0,33.3,0.0,0.0,0.0,0.0,0.0,0.0,0.0,0.39,0.0,1.302,0.521,0.08,0.0,0.0,0.0,65.549,0.0,0.0,0.0,0.0,0.0,0.0,0.0,0.0,0.0,65.549,0.0,0.0,0.0,0.0,0.0,0.0,0.0,0.0,0.0,0.0,0.0,0,0,0,0,0,0,0.0,0.0,0,0,0,0,0,0,0,0,0,0,0,0,4.523
151,136.17,6.484,4,0,4,0,0.0,19.0,0.0,0.0,0.0,2.497,2.132,3.634,2.107,2.951,8.965,11.908,1.647,0.0,0.0,0.0,170.733,0.0,170.733,0.0,0.0,0.0,0.0,0.0,0.0,0.0,170.733,0.0,6.977,0.828,-0.325,-4.828,-4.828,-4.828,0.0,0.0,0.0,0.0,4,0,0,8,0,0,0.0,0.0,0,4,0,0,0,0,0,0,0,0,12,0,1.729
152,72.17,4.245,2,0,2,0,0.0,0.0,0.0,0.0,0.0,0.212,1.354,2.34,2.352,2.703,5.042,4.726,1.72,0.0,17.65,7.604,0.0,0.0,0.0,25.254,0.0,25.254,0.0,0.0,7.604,0.0,0.0,0.0,0.0,-2.732,0.0,0.0,0.0,0.0,0.0,0.0,0.0,0.0,2,3,12,0,0,0,0.0,0.0,0,0,0,0,1,0,0,0,0,0,0,0,9.85
153,32.06,5.343,2,0,0,0,33.3,0.0,0.0,0.0,0.0,0.0,0.0,0.0,0.39,0.0,1.302,0.521,0.08,0.0,0.0,0.0,65.549,0.0,0.0,0.0,0.0,0.0,0.0,0.0,0.0,0.0,65.549,0.0,0.0,0.0,0.0,0.0,0.0,0.0,0.0,0.0,0.0,0.0,0,0,0,0,0,0,0.0,0.0,0,0,0,0,0,0,0,0,0,0,0,0,4.523
154,108.16,6.76,2,6,0,0,12.5,0.0,0.0,0.0,0.0,1.371,1.667,1.848,2.25,1.75,5.172,6.592,1.17,4.639,0.0,0.0,103.699,0.0,0.0,0.0,0.0,43.418,0.0,0.0,5.513,0.0,65.794,0.0,5.0,0.0,-2.275,-3.0,-3.623,-5.275,0.0,0.0,0.0,0.0,0,0,0,4,0,0,0.0,0.0,0,0,0,0,0,0,0,0,0,2,0,0,0.798
155,42.09,4.677,2,1,0,0,0.0,0.0,0.0,0.0,0.0,0.361,0.408,0.0,2.067,0.0,2.051,1.398,0.852,0.0,8.825,15.767,9.476,0.0,0.0,8.825,9.476,34.068,0.0,0.0,0.0,0.0,0.0,0.0,0.0,0.0,0.0,0.0,0.0,0.0,0.0,0.0,0.0,0.0,1,0,3,3,0,0,0.0,0.0,0,0,0,0,0,0,0,0,0,0,0,0,1.486
156,104.16,6.51,1,7,1,0,0.0,0.0,0.0,0.0,0.0,0.631,1.615,1.782,3.203,0.625,5.033,6.082,1.534,0.703,0.0,15.767,56.857,0.0,0.0,0.0,9.476,75.81,0.0,0.0,3.186,0.0,0.0,0.0,0.0,0.604,-1.393,-2.347,-4.096,-4.789,0.0,0.0,0.0,0.0,0,0,0,8,0,0,0.0,0.0,0,0,0,0,3,0,0,0,0,0,0,0,8.13
157,165.82,27.637,4,1,0,0,0.0,0.0,0.0,0.0,0.0,0.883,2.42,3.971,0.39,0.0,4.232,1.693,0.076,0.0,0.0,0.0,0.0,0.0,0.0,0.0,0.0,164.226,0.0,0.0,7.631,0.0,0.0,2.4,3.333,-2.0,-4.745,0.0,0.0,0.0,0.0,0.0,0.0,0.0,0,0,0,0,0,0,0.0,0.0,0,0,0,0,0,0,0,0,0,0,0,0,6.047
158,102.04,12.755,4,0,0,4,0.0,0.0,0.0,0.0,0.0,2.41,0.749,5.184,1.406,0.0,3.035,3.862,0.737,0.0,0.0,8.47,0.0,7.76,0.0,16.229,0.0,16.229,0.0,0.0,8.47,0.0,0.0,4.53,1.696,-3.0,-4.381,0.0,0.0,0.0,0.0,0.0,0.0,0.0,2,0,0,2,0,0,0.0,0.0,0,0,0,0,0,0,0,0,0,0,0,0,3.301
159,92.15,6.143,1,6,0,0,0.0,0.0,0.0,0.0,0.0,0.083,1.655,2.022,2.873,0.85,5.171,5.682,1.527,0.0,8.825,0.0,47.381,0.0,0.0,8.825,0.0,59.392,0.0,0.0,3.186,0.0,0.0,0.0,1.471,-0.838,-2.347,-3.206,-4.789,0.0,0.0,0.0,0.0,0.0,1,0,3,5,0,0,0.0,0.0,0,0,0,0,1,0,0,0,0,0,0,0,6.802
160,131.38,21.897,3,1,0,0,0.0,0.0,0.0,0.0,0.0,0.846,1.625,3.916,1.39,0.0,7.455,6.472,0.021,0.0,0.0,9.791,0.0,39.149,0.0,0.0,39.149,131.053,0.0,0.0,3.816,0.0,0.0,2.4,1.751,-3.226,0.0,0.0,0.0,0.0,0.0,0.0,0.0,0.0,0,0,0,0,0,0,0.0,0.0,0,0,0,0,0,0,0,0,0,0,0,0,4.332
161,147.43,13.403,3,0,0,0,0.0,0.0,0.0,0.0,0.0,1.275,2.14,3.135,2.054,0.0,13.184,23.269,0.825,0.0,0.0,5.699,0.0,0.0,0.0,5.699,117.446,123.145,0.0,0.0,5.699,0.0,0.0,0.0,0.321,-2.653,-3.791,0.0,0.0,0.0,0.0,0.0,0.0,0.0,2,1,0,5,0,0,0.0,0.0,0,0,0,0,1,0,0,0,0,0,0,2,6.781
162,265.47,14.748,6,9,3,0,0.0,16.7,0.0,0.0,0.0,3.852,3.65,1.54,2.585,1.585,3.978,6.098,0.793,0.924,0.0,0.0,28.429,0.0,0.0,0.0,0.0,171.777,0.0,0.0,25.902,0.0,0.0,3.87,3.731,3.309,2.461,2.461,-1.953,-1.953,-2.0,-2.0,-2.0,-6.0,0,0,0,3,0,0,0.0,0.0,0,6,6,3,6,0,0,42,0,0,6,6,3.789
163,62.5,10.417,2,1,0,0,0.0,0.0,0.0,0.0,0.0,0.651,0.463,0.0,1.39,0.0,2.834,4.492,0.493,0.0,0.0,25.558,0.0,39.149,0.0,0.0,39.149,64.707,0.0,0.0,0.0,0.0,0.0,0.0,0.0,0.0,0.0,0.0,0.0,0.0,0.0,0.0,0.0,0.0,0,0,0,2,0,0,0.0,0.0,0,0,0,0,0,0,0,0,0,0,0,0,1.486
164,46.05,7.675,2,1,0,1,0.0,0.0,0.0,0.0,0.0,2.056,0.154,0.0,1.39,0.0,1.773,1.663,0.538,0.0,0.0,31.179,0.0,0.0,0.0,0.0,0.0,31.179,0.0,0.0,0.0,0.0,0.0,0.0,0.0,0.0,0.0,0.0,0.0,0.0,0.0,0.0,0.0,0.0,0,0,0,2,0,0,0.0,0.0,0,0,0,0,0,0,0,0,0,0,0,0,0.94
165,106.18,5.899,2,6,0,0,0.0,0.0,0.0,0.0,0.0,0.12,2.084,2.091,2.642,1.528,6.483,7.125,1.894,0.0,17.65,0.0,37.905,0.0,0.0,17.65,0.0,61.927,0.0,0.0,6.371,0.0,0.0,0.0,2.08,0.0,-1.645,-3.451,-3.464,-5.792,0.0,0.0,0.0,0.0,2,0,6,4,0,0,0.0,0.0,0,0,0,0,2,0,0,0,0,0,0,0,8.653
